UDI,Product ID,Type,Air temperature [K],Process temperature [K],Rotational speed [rpm],Torque [Nm],Tool wear [min],Machine failure,TWF,HDF,PWF,OSF,RNF
7,L47186,L,298.1,308.6,1558,42.4,14,0,0,0,0,0,0
10,M14869,M,298.5,309,1741,28.0,21,0,0,0,0,0,0
28,H29441,H,299.1,309.4,1811,24.6,77,0,0,0,0,0,0
36,M14895,M,298.8,309.2,1452,48.6,98,0,0,0,0,0,0
51,L47230,L,298.9,309.1,2861,4.6,143,1,0,0,1,0,0
55,L47234,L,298.7,309,1691,30.1,154,0,0,0,0,0,0
60,L47239,L,298.8,309.1,1378,54.4,165,0,0,0,0,0,0
70,L47249,L,298.9,309,1410,65.7,191,1,0,0,1,1,0
78,L47257,L,298.8,308.9,1455,41.3,208,1,1,0,0,0,0
94,L47273,L,299.1,309,1450,43.0,40,0,0,0,0,0,0
110,L47289,L,298.9,308.7,1572,34.1,80,0,0,0,0,0,0
121,L47300,L,298.9,308.7,1433,44.7,108,0,0,0,0,0,0
132,L47311,L,298.8,308.4,1737,27.7,130,0,0,0,0,0,0
156,H29569,H,298.4,308.2,1987,19.8,198,0,0,0,0,0,0
161,L47340,L,298.4,308.2,1282,60.7,216,1,0,0,0,1,0
162,L47341,L,298.3,308.1,1412,52.3,218,1,0,0,0,1,0
164,M15023,M,298.4,308.2,1468,43.8,2,0,0,0,0,0,0
169,L47348,L,298.4,308.3,1433,62.3,20,1,0,0,1,0,0
195,M15054,M,298.2,308.5,2678,10.7,86,1,0,0,1,0,0
196,L47375,L,298.3,308.5,1453,42.9,89,0,0,0,0,0,0
208,M15067,M,298.4,308.7,1421,60.7,119,1,0,0,1,0,0
243,L47422,L,298.0,308.2,1348,58.8,202,1,0,0,0,1,0
249,L47428,L,298.0,308.3,1362,56.8,216,1,0,0,0,1,0
250,L47429,L,298.0,308.3,1405,56.2,218,1,0,0,0,1,0
253,L47432,L,298.0,308.2,1620,35.8,5,0,0,0,0,0,0
260,M15119,M,298.1,308.2,1420,63.9,19,1,0,0,1,0,0
328,L47507,L,297.7,308.5,1373,56.7,203,1,0,0,0,1,0
333,M15192,M,297.6,308.3,1538,40.2,0,0,0,0,0,0,0
358,L47537,L,297.6,308.4,1517,34.2,66,0,0,0,0,0,0
381,L47560,L,297.5,308.3,2564,12.8,127,1,0,0,1,0,0
402,L47581,L,297.5,308.5,1722,30.4,178,0,0,0,0,0,0
415,L47594,L,297.4,308.4,1588,32.5,207,0,0,0,0,0,0
421,M15280,M,297.3,308.3,1301,39.6,5,0,0,0,0,0,0
424,L47603,L,297.3,308.3,1484,43.9,13,0,0,0,0,0,0
443,L47622,L,297.4,308.5,1399,61.5,61,1,0,0,1,0,0
450,L47629,L,297.6,308.7,1622,37.9,79,0,0,0,0,0,0
464,L47643,L,297.4,308.7,2874,4.2,118,1,0,0,1,0,0
469,L47648,L,297.3,308.7,1619,31.6,129,0,0,0,0,0,0
505,M15364,M,297.6,309.3,1529,41.9,3,0,0,0,0,0,0
531,M15390,M,297.6,309.5,1709,32.2,65,0,0,0,0,0,0
537,L47716,L,297.4,309.3,1759,24.8,81,0,0,0,0,0,0
542,L47721,L,297.4,309.4,1296,52.3,96,0,0,0,0,0,0
587,L47766,L,297.6,309.6,1501,49.8,222,1,0,0,0,1,0
604,L47783,L,297.9,309.8,1336,71.6,31,1,0,0,1,0,0
609,L47788,L,298.0,309.9,1403,47.7,43,0,0,0,0,0,0
645,H30058,H,297.7,309.4,1608,30.2,135,0,0,0,0,0,0
653,L47832,L,297.7,309.2,1391,44.5,159,0,0,0,0,0,0
670,H30083,H,297.5,308.9,1471,37.7,197,0,0,0,0,0,0
672,L47851,L,297.5,308.9,1554,34.8,204,0,0,0,0,0,0
704,H30117,H,297.7,308.9,1479,40.9,87,0,0,0,0,0,0
730,L47909,L,297.3,308.6,1586,37.7,155,0,0,0,0,0,0
741,M15600,M,296.9,308.4,1450,46.9,186,0,0,0,0,0,0
746,L47925,L,296.7,308,1451,50.7,197,0,0,0,0,0,0
747,L47926,L,296.8,308.1,1289,62.0,199,1,0,0,0,1,0
770,L47949,L,296.9,308,1343,44.5,15,0,0,0,0,0,0
777,L47956,L,296.7,307.8,1468,39.2,35,0,0,0,0,0,0
791,L47970,L,296.8,307.9,1420,45.4,70,0,0,0,0,0,0
841,L48020,L,296.6,307.5,1582,37.9,197,0,0,0,0,0,0
842,L48021,L,296.6,307.5,1439,45.5,199,0,0,0,0,0,0
848,L48027,L,296.4,307.4,2833,5.6,213,1,0,0,1,0,0
849,L48028,L,296.3,307.4,1465,47.1,215,0,0,0,0,0,0
853,M15712,M,296.3,307.3,1368,49.5,10,0,0,0,0,0,0
881,M15740,M,295.8,306.3,1235,76.2,89,1,0,0,1,0,0
904,L48083,L,295.7,306.2,2270,14.6,149,1,0,0,1,0,0
910,L48089,L,295.5,306,1456,39.2,167,0,0,0,0,0,0
927,L48106,L,295.6,306.1,1372,55.6,215,1,0,0,0,1,0
940,L48119,L,295.5,306.1,1488,40.7,31,0,0,0,0,0,0
955,H30368,H,295.6,306.2,1414,42.5,69,0,0,0,0,0,0
960,L48139,L,295.8,306.5,1505,35.2,86,0,0,0,0,0,0
973,L48152,L,295.8,306.6,1644,35.2,115,0,0,0,0,0,0
982,L48161,L,296.2,306.8,1655,31.1,136,0,0,0,0,0,0
984,L48163,L,296.2,306.9,1526,34.9,140,0,0,0,0,0,0
988,M15847,M,296.3,307.1,1534,33.8,151,0,0,0,0,0,0
1017,M15876,M,296.3,307.2,1319,68.3,24,1,0,0,1,0,0
1018,L48197,L,296.3,307.2,1637,31.6,27,0,0,0,0,0,0
1023,L48202,L,296.2,307.2,1515,36.5,38,0,0,0,0,0,0
1065,M15924,M,296.8,307.9,1409,44.3,145,0,0,0,0,0,0
1074,L48253,L,297.0,307.8,1414,47.5,168,0,0,0,0,0,0
1086,L48265,L,297.0,307.8,1385,56.4,202,1,0,0,0,1,0
1088,H30501,H,296.9,307.8,1549,35.8,206,1,1,0,0,0,0
1096,L48275,L,296.9,307.5,2721,9.3,18,1,0,0,1,0,0
1112,H30525,H,296.5,307.4,1432,49.2,64,0,0,0,0,0,0
1124,H30537,H,296.6,307.7,1386,62.3,100,1,0,0,1,0,0
1125,M15984,M,296.7,307.8,1258,69.0,105,1,0,0,1,0,0
1134,M15993,M,296.8,307.9,1418,47.9,127,0,0,0,0,0,0
1143,L48322,L,296.9,307.9,1423,43.9,149,0,0,0,0,0,0
1145,L48324,L,297.0,307.9,1296,69.1,153,1,0,0,1,0,0
1153,L48332,L,297.1,307.9,1507,38.3,170,0,0,0,0,0,0
1158,L48337,L,297.0,307.8,1583,37.2,189,0,0,0,0,0,0
1162,L48341,L,297.0,307.8,1316,61.2,200,1,0,0,0,1,0
1163,L48342,L,296.9,307.8,1400,57.1,202,1,0,0,0,1,0
1166,L48345,L,297.1,308.1,1487,34.6,208,0,0,0,0,0,0
1168,L48347,L,297.0,308.1,1362,52.5,213,1,0,0,0,1,0
1171,M16030,M,297.1,308.1,1823,24.3,219,0,0,0,0,0,0
1173,L48352,L,297.1,308.1,1446,36.6,227,0,0,0,0,0,0
1180,L48359,L,297.3,308.4,1441,43.4,14,0,0,0,0,0,0
1194,L48373,L,297.1,308.2,1347,50.8,49,0,0,0,0,0,0
1197,M16056,M,297.0,307.9,1493,34.7,57,0,0,0,0,0,0
1203,M16062,M,297.0,308.1,1355,51.4,76,0,0,0,0,0,0
1222,M16081,M,297.0,308.3,1399,46.4,132,0,0,0,0,0,1
1227,L48406,L,297.1,308.4,1488,42.5,146,0,0,0,0,0,0
1234,M16093,M,297.2,308.5,1364,55.6,163,0,0,0,0,0,0
1266,L48445,L,297.9,309.4,1558,35.7,39,0,0,0,0,0,0
1269,L48448,L,298.0,309.5,1496,45.8,46,0,0,0,0,0,0
1285,L48464,L,298.4,309.5,2153,15.3,98,1,0,0,1,0,0
1325,M16184,M,298.8,310.1,1243,74.5,194,1,0,0,1,1,0
1326,H30739,H,298.8,310.1,1567,36.8,197,0,0,0,0,0,0
1327,L48506,L,298.9,310.2,1411,46.5,202,0,0,0,0,0,0
1335,L48514,L,299.0,310.4,1365,49.1,226,1,0,0,0,1,0
1336,L48515,L,299.0,310.4,1371,53.8,228,1,0,0,0,1,0
1345,L48524,L,298.5,310.1,1809,28.9,20,0,0,0,0,0,0
1350,L48529,L,298.7,310.2,1402,45.9,30,0,0,0,0,0,0
1381,L48560,L,298.7,310.1,1786,27.7,114,0,0,0,0,0,0
1392,L48571,L,298.9,310.2,2737,8.8,142,1,0,0,1,0,0
1420,L48599,L,298.7,309.8,1354,53.3,212,1,0,0,0,1,0
1429,L48608,L,298.8,309.9,1568,33.7,13,0,0,0,0,0,0
1438,H30851,H,298.8,309.9,1439,45.2,40,1,0,0,0,0,0
1444,L48623,L,298.9,310.1,1602,38.2,58,0,0,0,0,0,0
1465,L48644,L,298.8,310,1412,46.3,107,0,0,0,0,0,0
1493,M16352,M,298.0,308.7,1479,58.5,176,1,0,0,1,0,0
1497,L48676,L,298.0,308.7,1268,69.4,189,1,0,0,1,1,0
1510,L48689,L,298.0,308.5,1429,37.7,220,1,1,0,0,0,0
1533,M16392,M,298.1,308.9,1417,39.2,65,0,0,0,0,0,0
1556,L48735,L,298.4,308.6,1491,42.0,120,0,0,0,0,0,0
1563,L48742,L,298.2,308.3,2216,16.8,139,0,0,0,0,0,0
1572,L48751,L,298.3,308.4,1528,37.3,160,0,0,0,0,0,0
1574,L48753,L,298.2,308.2,1466,42.4,164,0,0,0,0,0,0
1579,L48758,L,298.3,308.4,1593,37.0,174,0,0,0,0,0,0
1584,L48763,L,298.2,308.4,1310,61.0,189,1,0,0,0,1,0
1590,M16449,M,298.1,308.3,1453,41.5,204,0,0,0,0,0,0
1596,L48775,L,298.0,308.2,1365,52.9,218,1,0,0,0,1,0
1630,M16489,M,297.9,307.9,1336,54.4,82,0,0,0,0,0,0
1634,L48813,L,297.9,307.9,1476,45.2,91,0,0,0,0,0,0
1650,H31063,H,298.0,307.9,1482,37.8,132,0,0,0,0,0,0
1658,M16517,M,298.1,308,1374,48.8,156,0,0,0,0,0,0
1683,H31096,H,297.9,307.4,1604,36.1,225,1,1,0,0,0,0
1685,L48864,L,297.8,307.3,1438,44.5,3,0,0,0,0,0,0
1701,M16560,M,298.0,307.6,1844,23.8,44,0,0,0,0,0,0
1721,L48900,L,298.2,307.7,1459,44.5,89,0,0,0,0,0,0
1726,M16585,M,298.3,307.8,1392,50.4,101,0,0,0,0,0,0
1731,M16590,M,298.3,307.8,1330,55.4,114,0,0,0,0,0,0
1744,M16603,M,298.5,308,1713,25.8,154,0,0,0,0,0,0
1764,L48943,L,298.2,307.6,1511,31.0,209,1,1,0,0,0,0
1785,L48964,L,298.3,308,2886,3.8,57,1,0,0,1,0,0
1790,L48969,L,298.2,307.9,1313,67.3,67,1,0,0,1,0,0
1793,M16652,M,298.1,307.7,1445,48.0,73,0,0,0,0,0,0
1796,M16655,M,298.1,307.7,1498,38.3,81,0,0,0,0,0,0
1803,H31216,H,298.1,307.6,1496,44.1,104,0,0,0,0,0,0
1809,L48988,L,298.1,307.7,2567,12.8,125,1,0,0,1,0,0
1822,L49001,L,298.1,307.6,1354,43.3,155,0,0,0,0,0,0
1827,H31240,H,297.8,307.3,1516,40.1,166,0,0,0,0,0,0
1834,L49013,L,297.8,307.3,1327,61.0,186,1,0,0,0,1,0
1842,L49021,L,297.7,307.2,1668,37.8,5,0,0,0,0,0,0
1848,L49027,L,297.8,307.3,1412,50.7,24,0,0,0,0,0,0
1876,L49055,L,298.3,308,1363,50.1,96,0,0,0,0,0,0
1879,M16738,M,298.1,307.7,1424,47.7,103,0,0,0,0,0,0
1884,M16743,M,298.0,307.6,1472,46.7,116,0,0,0,0,0,0
1928,H31341,H,298.0,307.8,1314,47.8,19,0,0,0,0,0,0
1941,L49120,L,298.1,307.9,1578,35.6,55,0,0,0,0,0,0
1943,L49122,L,298.1,308,1456,42.4,59,0,0,0,0,0,0
1946,L49125,L,298.1,308.1,1616,32.8,65,0,0,0,0,0,0
1997,M16856,M,298.4,308,1416,38.2,198,1,1,0,0,0,0
2016,L49195,L,298.5,308.2,1301,66.3,42,1,0,0,1,0,0
2018,L49197,L,298.7,308.5,1483,42.5,46,0,0,0,0,0,0
2036,M16895,M,298.9,308.6,1469,34.2,93,0,0,0,0,0,0
2076,L49255,L,299.5,309.4,1390,58.8,195,1,0,0,0,1,0
2096,L49275,L,299.4,309.3,1525,41.5,30,0,0,0,0,0,0
2100,L49279,L,299.4,309.3,1596,31.8,40,0,0,0,0,0,0
2115,H31528,H,299.4,309.1,1373,44.1,81,0,0,0,0,0,0
2126,L49305,L,299.3,308.9,1258,69.4,119,1,0,0,1,0,0
2141,L49320,L,299.3,309,1419,46.6,158,0,0,0,0,0,0
2144,M17003,M,299.3,308.8,1442,49.0,165,0,0,0,0,0,0
2159,M17018,M,299.5,309,1399,49.7,207,0,0,0,0,0,0
2167,M17026,M,299.6,309.2,1867,23.4,225,1,1,0,0,0,0
2200,M17059,M,299.8,309.1,1268,58.0,90,0,0,0,0,0,0
2201,L49380,L,299.8,309.1,1546,35.6,93,0,0,0,0,0,0
2224,L49403,L,299.6,309,1413,48.5,153,0,0,0,0,0,0
2227,M17086,M,299.6,308.9,1685,27.8,161,0,0,0,0,0,0
2234,L49413,L,299.5,308.7,2549,13.0,179,1,0,0,1,0,0
2245,M17104,M,299.3,308.4,1542,37.5,203,1,1,0,0,0,0
2259,L49438,L,299.1,308.2,1319,60.3,36,0,0,0,0,0,0
2300,L49479,L,299.4,308.7,1446,62.9,134,1,0,0,1,0,0
2326,L49505,L,299.3,308.8,1603,33.9,203,0,0,0,0,0,0
2332,L49511,L,299.3,308.6,1384,53.6,218,1,0,0,0,1,0
2333,L49512,L,299.2,308.5,1378,50.4,220,1,0,0,0,1,0
2348,L49527,L,299.2,308.3,1410,43.0,26,0,0,0,0,0,0
2349,L49528,L,299.2,308.4,1436,41.8,28,0,0,0,0,0,0
2358,L49537,L,299.3,308.5,1772,26.1,52,0,0,0,0,0,0
2402,M17261,M,299.2,308.6,1367,47.6,168,0,0,0,0,0,0
2427,M17286,M,298.9,308.2,1372,63.6,30,1,0,0,1,0,0
2445,L49624,L,299.2,308.6,1267,68.2,76,1,0,0,1,0,0
2478,L49657,L,298.9,308.5,1387,57.3,154,0,0,0,0,0,0
2481,L49660,L,299.0,308.6,1734,32.4,161,0,0,0,0,0,0
2490,H31903,H,298.9,308.7,1500,41.6,187,0,0,0,0,0,0
2495,L49674,L,299.1,308.8,1329,53.6,207,1,0,0,0,1,0
2503,L49682,L,299.2,309,1515,48.9,228,1,0,0,0,1,0
2508,H31921,H,299.2,309.1,1410,47.1,9,0,0,0,0,0,0
2570,H31983,H,299.5,309.2,1872,22.6,162,0,0,0,0,0,0
2582,L49761,L,299.2,309.1,1345,60.7,191,1,0,0,0,1,0
2599,L49778,L,299.1,308.8,1320,67.5,20,1,0,0,1,0,0
2600,M17459,M,299.2,308.9,1447,39.6,22,0,0,0,0,0,0
2604,M17463,M,299.3,309.2,1334,46.3,31,0,0,0,0,0,0
2614,M17473,M,299.3,309.1,1571,38.3,59,0,0,0,0,0,0
2615,L49794,L,299.3,309.1,1634,36.8,62,0,0,0,0,0,0
2647,M17506,M,299.8,309.5,1453,43.2,153,0,0,0,0,0,0
2652,L49831,L,299.9,309.5,2008,20.4,165,0,0,0,0,0,0
2659,L49838,L,300.0,309.4,1395,44.5,181,0,0,0,0,0,0
2672,M17531,M,299.7,309.3,1399,41.9,221,1,1,0,0,0,0
2677,L49856,L,299.7,309.3,1592,34.2,8,0,0,0,0,0,0
2684,L49863,L,299.8,309.5,1590,28.5,23,0,0,0,0,0,0
2690,L49869,L,300.0,309.5,1641,30.1,35,0,0,0,0,0,0
2715,M17574,M,299.6,309.1,1366,55.2,95,0,0,0,0,0,0
2716,M17575,M,299.5,309,1701,28.6,98,0,0,0,0,0,0
2731,L49910,L,299.6,309.2,1425,45.9,133,0,0,0,0,0,0
2733,L49912,L,299.7,309.2,1346,57.4,138,0,0,0,0,0,0
2746,M17605,M,299.7,309.1,1603,38.5,170,0,0,0,0,0,0
2750,M17609,M,299.7,309.2,1685,28.9,179,1,0,0,0,0,0
2762,L49941,L,299.8,309.3,1299,65.1,212,1,0,0,0,1,0
2768,L49947,L,300.0,309.5,1925,21.9,9,0,0,0,0,0,0
2776,L49955,L,300.1,309.4,1560,47.7,26,0,0,0,0,0,0
2795,L49974,L,300.4,309.6,1553,43.9,75,0,0,0,0,0,0
2851,L50030,L,300.4,309.3,1671,35.0,209,0,0,0,0,0,0
2859,L50038,L,300.5,309.3,1417,51.5,231,1,0,0,0,1,0
2865,H32278,H,300.6,309.4,1380,47.6,246,1,1,0,0,0,0
2876,M17735,M,300.5,309.4,1877,23.8,31,0,0,0,0,0,0
2880,M17739,M,300.6,309.4,1367,63.2,45,1,0,0,1,0,0
2925,L50104,L,300.8,309.7,1461,44.3,158,0,0,0,0,0,0
2942,M17801,M,300.7,309.6,1996,19.8,203,1,1,0,0,0,0
2956,M17815,M,300.7,309.5,1439,43.8,41,0,0,0,0,0,0
2975,M17834,M,300.6,309.4,1521,37.2,90,0,0,0,0,0,0
3000,L50179,L,300.5,309.7,1395,61.0,157,0,0,0,0,0,0
3001,H32414,H,300.5,309.8,1324,72.8,159,1,0,0,1,0,0
3003,M17862,M,300.5,309.8,1555,38.9,166,0,0,0,0,0,0
3014,L50193,L,300.5,309.6,1390,48.4,194,0,0,0,0,0,0
3020,L50199,L,300.5,309.8,1379,54.2,207,1,0,0,0,1,0
3083,M17942,M,300.0,309.3,1407,43.9,138,0,0,0,0,0,0
3121,H32534,H,300.1,309.4,1563,40.8,28,0,0,0,0,0,0
3141,H32554,H,300.4,309.9,2563,12.8,81,1,0,0,1,0,0
3189,M18048,M,300.1,309.2,1438,51.0,211,0,0,0,0,0,0
3192,M18051,M,300.1,309.2,1732,33.7,218,0,0,0,0,0,0
3194,L50373,L,300.0,309.1,1401,44.5,0,0,0,0,0,0,0
3197,L50376,L,300.0,309.1,1489,40.3,7,0,0,0,0,0,0
3217,L50396,L,300.5,309.5,1653,27.6,62,0,0,0,0,0,0
3221,M18080,M,300.7,309.6,1525,36.5,71,0,0,0,0,0,0
3228,M18087,M,300.5,309.3,1589,34.9,91,0,0,0,0,0,0
3237,M18096,M,300.8,309.4,1342,62.4,113,1,0,1,0,0,0
3243,L50422,L,300.9,309.6,1384,42.4,131,0,0,0,0,0,0
3264,L50443,L,301.3,310,1344,54.8,186,0,0,0,0,0,0
3267,L50446,L,301.3,310.1,1269,56.8,195,1,0,0,0,1,0
3308,M18167,M,301.4,310.5,1563,39.9,83,0,0,0,0,0,0
3337,L50516,L,301.6,310.8,1535,35.4,148,0,0,0,0,0,0
3338,L50517,L,301.6,310.8,1564,34.1,150,0,0,0,0,0,0
3342,H32755,H,301.4,310.7,1329,52.0,160,0,0,0,0,0,0
3349,M18208,M,301.3,310.7,1532,40.7,178,0,0,0,0,0,0
3351,L50530,L,301.4,310.8,1285,62.6,183,1,0,0,0,1,0
3357,L50536,L,301.6,310.8,1355,57.8,195,1,0,0,0,1,0
3370,L50549,L,301.5,310.9,2760,8.0,15,1,0,0,1,0,0
3378,H32791,H,301.5,310.8,1591,29.6,33,0,0,0,0,0,0
3418,L50597,L,301.6,310.6,1621,33.7,137,0,0,0,0,0,0
3429,L50608,L,301.6,310.6,1391,49.4,164,0,0,0,0,0,0
3458,M18317,M,301.5,310.4,2639,12.0,21,1,0,0,1,0,0
3516,M18375,M,301.9,311.1,1605,40.0,179,0,0,0,0,0,0
3525,M18384,M,301.8,310.8,1365,48.2,199,0,0,0,0,0,0
3527,H32940,H,301.8,310.8,1470,37.6,204,0,0,0,0,0,0
3529,L50708,L,302.0,310.9,1378,53.1,212,1,0,0,0,1,0
3530,L50709,L,301.9,310.9,1567,39.0,214,1,1,0,0,0,0
3536,H32949,H,301.9,311,1672,29.9,13,0,0,0,0,0,0
3542,L50721,L,301.8,310.8,1546,43.4,29,0,0,0,0,0,0
3556,L50735,L,301.8,310.7,1551,37.7,64,0,0,0,0,0,0
3569,L50748,L,301.8,310.6,1372,54.7,95,0,0,0,0,0,0
3578,M18437,M,301.6,310.4,1455,39.0,118,0,0,0,0,0,0
3580,L50759,L,301.8,310.6,2672,11.8,124,1,0,0,1,0,0
3588,H33001,H,301.8,310.5,1478,38.6,141,0,0,0,0,0,0
3589,M18448,M,301.7,310.6,1505,44.5,146,0,0,0,0,0,0
3597,L50776,L,301.7,310.5,1354,50.0,169,0,0,0,0,0,0
3612,L50791,L,301.7,310.9,1405,46.4,207,1,1,0,0,0,1
3615,L50794,L,301.8,311,1606,33.3,4,0,0,0,0,0,0
3654,L50833,L,302.1,311.4,1518,37.4,102,0,0,0,0,0,0
3670,L50849,L,302.4,311.8,1465,40.2,143,0,0,0,0,0,0
3673,L50852,L,302.3,311.6,1658,32.3,150,0,0,0,0,0,0
3681,L50860,L,302.2,311.5,1744,31.2,172,0,0,0,0,0,0
3685,L50864,L,302.0,311.2,1270,65.3,182,1,0,0,0,1,0
3687,L50866,L,302.0,311.1,1406,50.5,187,0,0,0,0,0,0
3696,L50875,L,302.2,311.3,1530,37.3,207,1,1,0,0,0,0
3698,L50877,L,302.2,311.2,1928,23.1,2,0,0,0,0,0,0
3701,L50880,L,302.1,311.2,1447,50.3,11,0,0,0,0,0,0
3734,L50913,L,302.2,311.1,1470,39.6,97,0,0,0,0,0,0
3742,L50921,L,302.4,311.3,1503,38.2,120,0,0,0,0,0,0
3747,H33160,H,302.5,311.3,1393,47.5,130,0,0,0,0,0,0
3761,L50940,L,302.3,310.9,1377,46.8,166,1,0,1,0,0,0
3771,L50950,L,302.3,311,1609,31.0,190,0,0,0,0,0,0
3772,M18631,M,302.3,311,1384,49.7,192,0,0,0,0,0,0
3788,L50967,L,302.3,310.8,1377,47.3,22,1,0,1,0,0,0
3794,L50973,L,302.3,310.9,1379,49.3,34,1,0,1,0,0,0
3807,M18666,M,302.3,310.9,1360,44.0,67,1,0,1,0,0,0
3815,M18674,M,302.1,310.6,1326,59.1,88,1,0,1,0,0,0
3823,M18682,M,302.4,311,1464,44.2,106,0,0,0,0,0,0
3828,M18687,M,302.4,310.9,1469,41.6,124,0,0,0,0,0,0
3830,H33243,H,302.3,310.9,1366,48.4,130,1,0,1,0,0,0
3846,L51025,L,302.3,311,1591,32.7,171,0,0,0,0,0,0
3848,M18707,M,302.3,311,1450,45.7,175,0,0,0,0,0,0
3855,L51034,L,302.4,311,1338,67.6,194,1,0,0,1,1,0
3866,H33279,H,302.6,311.5,1629,34.4,228,1,1,0,0,0,0
3868,M18727,M,302.7,311.6,2709,9.7,2,1,0,0,1,0,0
3869,M18728,M,302.7,311.7,1759,29.9,5,0,0,0,0,0,0
3910,H33323,H,302.3,311.3,1744,30.3,116,0,0,0,0,0,0
3913,L51092,L,302.4,311.4,1475,40.4,126,0,0,0,0,0,0
3929,L51108,L,302.6,311.5,1442,59.8,169,1,0,0,1,0,0
3936,M18795,M,302.6,311.6,1227,68.2,187,1,0,0,0,1,0
3944,L51123,L,302.3,311.4,1333,66.7,205,1,0,0,1,1,0
3950,L51129,L,302.3,311.5,1384,50.8,13,0,0,0,0,0,0
3955,M18814,M,302.3,311.4,1909,23.2,25,0,0,0,0,0,0
3974,L51153,L,302.3,311.4,1535,41.8,77,0,0,0,0,0,0
3980,L51159,L,302.3,311.3,1439,41.8,96,0,0,0,0,0,0
4001,L51180,L,302.1,311.2,1422,50.3,146,0,0,0,0,0,0
4003,L51182,L,302.1,311.2,1454,59.2,153,1,0,0,1,0,0
4013,M18872,M,302.2,311.2,1360,52.8,176,0,0,0,0,0,0
4025,M18884,M,302.1,311,1351,60.3,207,1,0,0,0,1,0
4027,M18886,M,302.1,311,1574,34.1,215,0,0,0,0,0,0
4033,L51212,L,302.0,310.8,1383,50.3,231,1,0,0,0,1,0
4035,L51214,L,302.0,310.8,1615,29.0,235,1,1,0,0,0,0
4045,M18904,M,301.9,310.9,1419,47.7,20,1,0,0,0,0,0
4049,L51228,L,301.9,311,2691,12.1,31,1,0,0,1,0,0
4054,M18913,M,301.9,310.9,2305,16.1,42,0,0,0,0,0,0
4072,L51251,L,301.9,310.6,1331,68.6,85,1,0,0,1,0,0
4079,H33492,H,302.1,310.7,1294,62.4,101,1,0,1,0,0,0
4081,L51260,L,302.0,310.4,1357,58.0,108,1,0,1,0,0,0
4082,L51261,L,302.0,310.4,1336,58.2,110,1,0,1,0,0,0
4088,L51267,L,301.9,310.4,1376,54.9,126,1,0,1,0,0,0
4094,M18953,M,302.0,310.5,1573,32.1,143,0,0,0,0,0,0
4097,L51276,L,301.9,310.4,1370,51.7,153,1,0,1,0,0,0
4111,L51290,L,302.0,310.6,1361,46.7,182,0,0,0,0,0,0
4116,H33529,H,302.0,310.6,1346,54.7,196,0,0,0,0,0,0
4118,L51297,L,301.9,310.5,1340,55.7,204,1,0,0,0,1,0
4120,L51299,L,302.1,310.7,1325,45.1,208,1,0,1,0,0,0
4121,M18980,M,302.1,310.7,1376,46.3,210,1,0,1,0,0,0
4122,M18981,M,302.1,310.7,1364,47.8,213,1,0,1,0,0,0
4128,H33541,H,302.0,310.6,1438,43.2,12,0,0,0,0,0,0
4129,L51308,L,301.9,310.4,1708,24.8,17,0,0,0,0,0,0
4130,M18989,M,301.8,310.3,1666,32.7,19,0,0,0,0,0,0
4131,L51310,L,301.9,310.4,1286,62.8,22,1,0,1,0,0,0
4139,L51318,L,301.7,310.2,1311,57.4,40,1,0,1,0,0,0
4141,L51320,L,301.7,310.2,1331,61.2,47,1,0,1,0,0,0
4152,M19011,M,301.9,310.4,1373,48.0,73,1,0,1,0,0,0
4154,M19013,M,302.0,310.4,1212,55.6,79,1,0,1,0,0,0
4156,L51335,L,302.0,310.5,1370,44.4,85,1,0,1,0,0,0
4157,M19016,M,302.0,310.5,1823,25.1,87,0,0,0,0,0,0
4158,L51337,L,302.0,310.5,1263,60.6,90,1,0,1,0,0,0
4165,L51344,L,302.2,310.6,1346,47.5,109,1,0,1,0,0,0
4166,M19025,M,302.2,310.5,1507,40.4,111,0,0,0,0,0,0
4171,M19030,M,302.2,310.6,1355,51.5,126,1,0,1,0,0,0
4174,M19033,M,302.2,310.6,1346,49.2,134,1,0,1,0,0,0
4180,L51359,L,302.4,310.9,1349,46.1,148,1,0,1,0,0,0
4183,L51362,L,302.4,310.7,1362,54.8,155,1,0,1,0,0,0
4185,L51364,L,302.2,310.6,1334,53.2,159,1,0,1,0,0,0
4186,L51365,L,302.2,310.6,1348,48.4,161,1,0,1,0,0,0
4193,M19052,M,302.5,311,1463,43.1,181,0,0,0,0,0,0
4197,M19056,M,302.5,311,1563,35.6,190,0,0,0,0,0,0
4205,M19064,M,302.3,310.9,1523,43.2,210,0,0,0,0,0,0
4208,M19067,M,302.3,310.9,1710,30.4,218,1,1,0,0,0,0
4212,L51391,L,302.1,310.7,1314,52.8,8,1,0,1,0,0,0
4222,L51401,L,301.9,310.6,1467,39.3,32,0,0,0,0,0,0
4226,L51405,L,302.1,310.7,1359,49.3,41,1,0,1,0,0,0
4227,L51406,L,302.1,310.8,1596,37.1,43,0,0,0,0,0,0
4248,L51427,L,302.6,311,1369,60.0,93,1,0,1,0,0,0
4250,L51429,L,302.5,310.9,1330,56.9,97,1,0,1,0,0,0
4251,L51430,L,302.6,311,1660,38.0,99,0,0,0,0,0,0
4252,H33665,H,302.5,310.9,1356,55.5,101,1,0,1,0,0,0
4254,M19113,M,302.6,311,1329,48.6,111,1,0,1,0,0,0
4255,L51434,L,302.6,311,1284,68.0,114,1,0,1,1,0,0
4259,M19118,M,302.7,311.1,1297,60.7,125,1,0,1,0,0,0
4260,L51439,L,302.7,311.2,1545,35.1,128,0,0,0,0,0,0
4271,L51450,L,302.6,310.9,1331,52.0,154,1,0,1,0,0,0
4280,L51459,L,302.0,310.1,1361,45.4,174,1,0,1,0,0,0
4283,L51462,L,301.9,309.9,1374,48.5,180,1,0,1,0,0,0
4284,M19143,M,301.8,309.9,1334,61.0,182,1,0,1,0,0,0
4286,L51465,L,301.7,309.9,1317,49.0,187,1,0,1,0,0,0
4293,M19152,M,301.8,310.1,2372,13.9,205,1,0,0,1,0,0
4297,L51476,L,301.8,310.2,2825,5.8,215,1,0,0,1,0,0
4308,L51487,L,301.4,309.9,1259,63.9,20,1,0,1,0,0,0
4322,L51501,L,301.7,310.2,1686,28.9,59,0,0,0,0,0,0
4324,L51503,L,301.8,310.3,1341,50.5,64,1,0,1,0,0,0
4327,L51506,L,301.6,310.1,1362,55.8,70,1,0,1,0,0,0
4329,L51508,L,301.6,310.1,1326,48.2,77,1,0,1,0,0,0
4343,M19202,M,301.7,309.8,1284,68.2,111,1,0,1,1,0,0
4354,M19213,M,302.0,309.7,1386,62.7,142,1,0,0,1,0,0
4356,H33769,H,302.0,309.8,1280,57.3,147,1,0,1,0,0,0
4362,M19221,M,302.1,310.1,1379,48.2,166,1,0,1,0,0,0
4371,L51550,L,302.0,309.9,1308,57.6,197,1,0,1,0,1,0
4384,L51563,L,301.7,309.5,1298,65.5,229,1,0,1,0,1,0
4386,L51565,L,301.8,309.7,1442,45.3,233,1,1,0,0,0,0
4390,M19249,M,302.1,310,1355,45.1,6,1,0,1,0,0,0
4392,M19251,M,302.2,310.1,1368,51.6,12,1,0,1,0,0,0
4401,L51580,L,302.3,310.1,1353,50.9,36,1,0,1,0,0,0
4406,L51585,L,302.4,310.2,1331,45.5,53,1,0,1,0,0,0
4407,L51586,L,302.5,310.3,1326,58.5,55,1,0,1,0,0,0
4410,M19269,M,302.4,310.1,1358,54.6,61,1,0,1,0,0,0
4418,L51597,L,302.6,310.4,1365,66.8,80,1,0,1,1,0,0
4420,M19279,M,302.6,310.2,2676,10.8,84,1,0,0,1,0,0
4422,L51601,L,302.6,310.2,1325,62.4,92,1,0,1,0,0,0
4428,M19287,M,302.4,310.1,1379,48.9,107,1,0,1,0,0,0
4436,L51615,L,302.3,310.1,1321,52.7,134,1,0,1,0,0,0
4442,L51621,L,302.5,310.2,1329,50.6,148,1,0,1,0,0,0
4443,L51622,L,302.5,310.2,1563,34.8,150,0,0,0,0,0,0
4449,L51628,L,302.4,310.3,1374,51.2,163,1,0,1,0,0,0
4450,M19309,M,302.4,310.3,1378,54.3,165,1,0,1,0,0,0
4452,L51631,L,302.5,310.3,1549,40.9,170,0,0,0,0,0,0
4463,L51642,L,302.7,310.5,1263,67.8,197,1,0,1,0,1,0
4465,L51644,L,302.8,310.6,1671,30.5,201,0,0,0,0,0,0
4470,L51649,L,302.7,310.5,1446,40.9,211,1,1,0,0,0,0
4476,L51655,L,302.7,310.5,1351,41.8,10,1,0,1,0,0,0
4480,L51659,L,302.6,310.2,1923,21.5,18,0,0,0,0,0,0
4481,H33894,H,302.7,310.4,1305,55.2,20,1,0,1,0,0,0
4492,H33905,H,302.6,310.4,1409,53.3,52,0,0,0,0,0,0
4496,L51675,L,302.6,310.4,1359,57.2,67,1,0,1,0,0,0
4502,L51681,L,302.5,310.2,1307,54.0,86,1,0,1,0,0,0
4504,M19363,M,302.5,310.2,1751,30.5,90,0,0,0,0,0,0
4511,L51690,L,302.4,310.2,1346,62.4,106,1,0,1,0,0,0
4513,M19372,M,302.5,310.3,1411,49.5,110,0,0,0,0,0,0
4519,L51698,L,302.4,310.3,1480,45.8,123,0,0,0,0,0,0
4522,L51701,L,302.4,310.4,1865,23.9,129,0,0,0,0,0,0
4525,M19384,M,302.5,310.5,1527,38.8,136,0,0,0,0,0,0
4528,M19387,M,302.4,310.5,1372,45.7,144,1,0,1,0,0,0
4530,M19389,M,302.4,310.4,1586,34.3,149,0,0,0,0,0,0
4532,L51711,L,302.5,310.5,1520,41.2,154,0,0,0,0,0,0
4534,M19393,M,302.4,310.3,1375,52.5,161,1,0,1,0,0,0
4537,L51716,L,302.4,310.2,1351,45.1,168,1,0,1,0,0,0
4545,L51724,L,302.5,310.4,1349,55.1,187,1,0,1,0,0,0
4555,L51734,L,302.6,310.5,1748,28.2,2,0,0,0,0,0,0
4557,M19416,M,302.7,310.6,1349,51.2,6,1,0,1,0,0,0
4559,L51738,L,302.7,310.7,1369,47.5,11,1,0,1,0,0,0
4560,L51739,L,302.7,310.7,1433,43.7,13,0,0,0,0,0,0
4566,H33979,H,302.7,310.8,1275,55.0,25,1,0,1,0,0,0
4571,L51750,L,302.8,310.9,1312,52.2,40,1,0,1,0,0,0
4574,H33987,H,302.8,311,1436,43.5,47,0,0,0,0,0,0
4580,L51759,L,303.0,311.2,1374,48.2,65,1,0,1,0,0,0
4597,L51776,L,303.0,311.2,1361,47.6,106,1,0,1,0,0,0
4601,L51780,L,303.0,311,1359,44.2,115,1,0,1,0,0,0
4602,M19461,M,303.0,311.1,1372,54.3,117,1,0,1,0,0,0
4612,L51791,L,303.0,311.3,1365,56.2,146,1,0,1,0,0,0
4615,H34028,H,303.0,311.2,1503,37.0,152,0,0,0,0,0,0
4619,M19478,M,303.0,311.3,1335,53.6,164,1,0,1,0,0,0
4621,L51800,L,303.1,311.3,1336,52.6,172,1,0,1,0,0,0
4622,L51801,L,303.0,311.2,1341,51.0,174,1,0,1,0,0,0
4633,M19492,M,302.9,311.2,1330,53.7,200,1,0,1,0,0,0
4643,L51822,L,303.2,311.4,1238,54.6,226,1,0,1,0,1,0
4644,L51823,L,303.2,311.4,1324,54.2,228,1,0,1,0,1,0
4647,L51826,L,303.3,311.4,1497,46.0,234,1,1,0,0,0,0
4652,L51831,L,303.2,311.4,1349,51.1,9,1,0,1,0,0,0
4662,L51841,L,303.3,311.3,1350,48.1,32,1,0,1,0,0,0
4664,L51843,L,303.3,311.3,1389,53.9,39,0,0,0,0,0,0
4666,M19525,M,303.4,311.4,1307,54.0,44,1,0,1,0,0,0
4670,M19529,M,303.3,311.5,1373,47.3,60,1,0,1,0,0,0
4685,M19544,M,303.6,311.8,1421,44.8,101,1,0,0,0,0,0
4703,L51882,L,303.6,311.8,1222,66.8,148,1,0,1,0,0,0
4712,M19571,M,303.4,311.7,1515,44.2,168,0,0,0,0,0,0
4719,L51898,L,303.3,311.6,1337,56.8,187,1,0,1,0,0,0
4721,M19580,M,303.4,311.7,1353,44.1,192,1,0,1,0,0,0
4724,L51903,L,303.4,311.8,1366,50.9,200,1,0,1,0,0,0
4728,M19587,M,303.4,311.8,1341,47.0,210,1,0,1,0,0,0
4730,L51909,L,303.4,311.8,1306,61.0,215,1,0,1,0,1,0
4732,L51911,L,303.3,311.6,1301,45.1,219,1,0,1,0,0,0
4738,M19597,M,303.2,311.5,1336,58.2,2,1,0,1,0,0,0
4740,L51919,L,303.2,311.4,1351,53.8,8,1,0,1,0,0,0
4747,L51926,L,303.2,311.2,1427,45.6,25,0,0,0,0,0,0
4749,L51928,L,303.2,311.2,1363,46.7,29,1,0,1,0,0,0
4756,L51935,L,303.4,311.7,1295,51.3,51,1,0,1,0,0,0
4760,L51939,L,303.5,311.6,1361,46.5,62,1,0,1,0,0,0
4762,H34175,H,303.7,311.9,1332,52.7,66,1,0,1,0,0,0
4763,M19622,M,303.7,312,2663,11.4,71,1,0,0,1,0,0
4769,L51948,L,303.6,312,1309,52.9,86,1,0,1,0,0,0
4771,L51950,L,303.5,311.9,1344,49.3,93,1,0,1,0,0,0
4773,M19632,M,303.6,312,1435,37.9,98,0,0,0,0,0,0
4775,L51954,L,303.6,312,1827,23.3,103,0,0,0,0,0,0
4778,M19637,M,303.5,312.2,1818,23.6,109,0,0,0,0,0,0
4779,H34192,H,303.6,312.2,1371,54.6,112,1,0,1,0,0,0
4784,L51963,L,303.7,312.5,1641,36.0,125,0,0,0,0,0,0
4785,L51964,L,303.9,312.6,1642,32.3,127,0,0,0,0,0,0
4786,H34199,H,303.9,312.7,1401,50.0,129,0,0,0,0,0,0
4795,L51974,L,303.6,312.6,1699,27.9,160,0,0,0,0,0,0
4815,L51994,L,303.4,311.8,1401,53.0,208,1,0,0,0,1,0
4817,L51996,L,303.4,312,1521,35.9,215,1,1,0,0,0,0
4832,L52011,L,303.5,312,1366,54.5,30,1,0,1,0,0,0
4834,L52013,L,303.4,311.9,1377,41.6,34,1,0,1,0,0,0
4837,L52016,L,303.3,311.8,1315,62.0,42,1,0,1,0,0,0
4841,L52020,L,303.4,311.9,1298,63.9,59,1,0,1,0,0,0
4844,L52023,L,303.3,311.8,1842,24.5,67,0,0,0,0,0,0
4845,M19704,M,303.4,311.8,1316,50.9,69,1,0,1,0,0,0
4852,L52031,L,303.7,312.1,1363,51.8,90,1,0,1,0,0,0
4879,L52058,L,303.7,312.4,1348,51.0,152,0,0,0,0,0,0
4899,H34312,H,303.6,312.4,1460,53.7,214,0,0,0,0,0,0
4903,L52082,L,303.6,312.3,1616,29.3,226,0,0,0,0,0,0
4921,L52100,L,303.4,312.2,1337,69.4,52,1,0,0,1,0,0
4931,L52110,L,303.4,312.3,1663,33.9,78,0,0,0,0,0,0
4937,L52116,L,303.5,312.4,1284,70.6,94,1,0,0,1,0,0
4973,H34386,H,303.8,312.6,1811,24.9,183,0,0,0,0,0,0
4977,L52156,L,303.7,312.7,1359,56.8,194,1,0,0,0,1,0
4985,L52164,L,303.8,313.1,1256,58.7,213,1,0,0,0,1,0
4989,L52168,L,303.8,313.1,2497,13.0,5,1,0,0,1,0,0
4998,M19857,M,303.6,312.8,2659,11.4,26,1,0,0,1,0,0
5039,L52218,L,304.1,313.3,1732,28.5,132,0,0,0,0,0,0
5044,L52223,L,304.1,313.2,1468,39.4,148,0,0,0,0,0,0
5049,H34462,H,304.0,313.2,1271,68.6,161,1,0,0,1,0,0
5062,L52241,L,304.0,312.9,1363,62.5,200,1,0,0,0,1,0
5082,M19941,M,304.1,313.3,1494,39.0,49,0,0,0,0,0,0
5099,L52278,L,304.2,313.4,1475,40.2,98,0,0,0,0,0,0
5127,L52306,L,304.3,313.5,1802,25.4,170,0,0,0,0,0,0
5142,L52321,L,304.4,313.7,1509,35.0,205,1,1,0,0,0,0
5144,M20003,M,304.3,313.5,1525,42.0,2,0,0,0,0,0,0
5154,L52333,L,304.2,313.4,1644,31.7,23,0,0,0,0,0,0
5159,L52338,L,304.1,313.3,1459,50.3,39,0,0,0,0,0,0
5169,H34582,H,304.1,313.4,1696,29.6,65,0,0,0,0,0,0
5195,M20054,M,303.9,313.1,1668,34.4,137,0,0,0,0,0,0
5217,M20076,M,303.7,312.7,1316,51.8,197,0,0,0,0,0,0
5220,L52399,L,303.8,313,1365,59.9,205,1,0,0,0,1,0
5240,L52419,L,303.7,313,1753,29.0,42,0,0,0,0,0,0
5278,L52457,L,303.5,312.9,1501,44.0,128,0,0,0,0,0,0
5290,M20149,M,303.9,313.3,1507,34.3,161,0,0,0,0,0,0
5307,H34720,H,304.0,313.2,1612,31.7,206,0,0,0,0,0,0
5310,M20169,M,303.9,313.2,1422,48.0,215,1,1,0,0,0,0
5326,L52505,L,303.5,312.7,1694,27.3,40,0,0,0,0,0,0
5335,M20194,M,303.4,312.6,2706,9.8,65,1,0,0,1,0,0
5349,L52528,L,303.3,312.6,1623,34.6,102,0,0,0,0,0,0
5380,L52559,L,302.9,312.4,1446,41.7,196,0,0,0,0,0,0
5381,L52560,L,302.8,312.3,1494,37.5,198,0,0,0,0,0,0
5385,M20244,M,302.9,312.4,1421,46.0,206,0,0,0,0,0,0
5389,M20248,M,302.8,312.3,1432,49.0,218,0,0,0,0,0,0
5395,M20254,M,302.8,312.3,1262,70.5,234,1,0,0,1,1,0
5398,M20257,M,302.8,312.3,1416,42.7,241,0,0,0,0,0,0
5400,H34813,H,302.8,312.4,1411,53.8,246,1,0,0,0,1,0
5401,L52580,L,302.7,312.4,1477,46.3,251,1,0,0,0,1,0
5402,M20261,M,302.6,312.3,1454,54.8,253,1,1,0,0,1,0
5414,H34827,H,302.7,312.5,1527,36.4,26,0,0,0,0,0,0
5426,L52605,L,302.5,312.2,1775,27.9,56,0,0,0,0,0,0
5429,L52608,L,302.7,312.4,1453,47.3,62,0,0,0,0,0,0
5489,L52668,L,302.7,312.2,1450,52.1,213,1,0,0,0,1,0
5491,L52670,L,302.6,312.1,1288,68.5,0,1,0,0,1,0,0
5527,L52706,L,302.5,311.9,1520,44.9,94,0,0,0,0,0,0
5537,M20396,M,302.3,311.8,1363,54.0,119,1,0,0,0,0,0
5559,L52738,L,302.5,311.9,1553,40.1,187,0,0,0,0,0,0
5562,M20421,M,302.3,311.7,1341,46.3,194,0,0,0,0,0,0
5593,L52772,L,302.5,311.9,1437,46.7,65,0,0,0,0,0,0
5616,M20475,M,303.0,312.2,1257,71.3,122,1,0,0,1,0,0
5618,L52797,L,303.1,312.4,1404,61.5,127,1,0,0,1,0,0
5629,L52808,L,302.7,312.1,1688,32.0,155,0,0,0,0,0,0
5660,M20519,M,302.3,311.5,1674,30.0,12,0,0,0,0,0,0
5664,M20523,M,302.3,311.5,1530,42.3,21,0,0,0,0,0,0
5676,M20535,M,302.3,311.7,1453,42.5,56,0,0,0,0,0,0
5693,M20552,M,302.4,311.9,1313,55.7,102,0,0,0,0,0,0
5707,L52886,L,302.4,311.9,1290,70.0,139,1,0,0,1,0,0
5716,H35129,H,302.2,311.9,1597,35.8,160,0,0,0,0,0,0
5735,L52914,L,302.3,311.8,1369,56.2,208,1,0,0,0,1,0
5744,M20603,M,302.2,311.6,1379,42.9,13,0,0,0,0,0,0
5767,M20626,M,301.7,311.2,1413,42.6,79,0,0,0,0,0,0
5792,M20651,M,301.8,311.3,1542,40.1,142,0,0,0,0,0,0
5812,L52991,L,301.3,311.1,1454,40.3,191,0,0,0,0,0,0
5826,L53005,L,301.3,311.1,1413,42.0,221,0,0,0,0,0,0
5827,M20686,M,301.3,311.1,1492,41.2,223,0,0,0,0,0,0
5870,L53049,L,301.5,311.1,2076,18.7,103,0,0,0,0,0,0
5888,H35301,H,301.4,311.1,1445,41.4,144,0,0,0,0,0,0
5910,H35323,H,300.7,310.2,1364,65.3,208,1,1,0,1,1,0
5917,L53096,L,300.6,310.2,1555,41.9,19,0,0,0,0,0,0
5942,L53121,L,300.6,310.7,1438,48.5,78,1,0,0,0,0,0
5973,L53152,L,300.5,310.8,1445,46.6,155,0,0,0,0,0,0
5983,L53162,L,300.7,310.8,1486,37.1,186,0,0,0,0,0,0
6000,M20859,M,300.4,310.2,1671,30.5,234,1,1,0,0,0,0
6009,L53188,L,300.7,310.7,1431,39.3,22,0,0,0,0,0,0
6025,L53204,L,300.7,310.9,1356,65.3,66,1,0,0,1,0,0
6051,M20910,M,300.9,311.1,1546,37.7,133,0,0,0,0,0,0
6061,L53240,L,301.0,311.1,1615,35.6,158,0,0,0,0,0,0
6077,L53256,L,301.0,310.9,1492,36.7,199,0,0,0,0,0,0
6079,L53258,L,300.8,310.7,1339,59.1,203,1,0,0,0,1,0
6120,L53299,L,300.9,311.1,1471,39.3,91,0,0,0,0,0,0
6139,M20998,M,300.8,310.7,1452,43.0,139,0,0,0,0,0,0
6154,L53333,L,301.0,311.1,1236,64.4,177,1,0,0,0,1,0
6160,L53339,L,301.0,311,1399,58.0,190,1,0,0,0,1,0
6173,L53352,L,300.8,310.6,1577,37.9,227,1,1,0,0,0,0
6179,L53358,L,301.1,310.9,1282,67.9,10,1,0,0,1,0,0
6187,M21046,M,301.1,311,1413,46.6,30,0,0,0,0,0,0
6192,H35605,H,301.0,310.9,1916,22.0,42,0,0,0,0,0,0
6209,M21068,M,300.7,310.6,1418,46.3,84,0,0,0,0,0,0
6229,L53408,L,301.2,310.9,1413,50.1,141,0,0,0,0,0,0
6236,L53415,L,301.3,310.9,1596,33.9,157,0,0,0,0,0,0
6239,L53418,L,301.3,310.8,1390,57.4,164,0,0,0,0,0,0
6249,L53428,L,300.8,310.1,1405,61.2,189,1,0,0,1,1,0
6256,L53435,L,301.0,310.5,1379,57.3,204,1,0,0,0,1,0
6257,L53436,L,301.0,310.6,1493,37.8,206,1,1,0,0,0,0
6314,L53493,L,300.9,310.3,1440,47.6,140,0,0,0,0,0,0
6319,M21178,M,300.9,310.3,1416,50.9,152,0,0,0,0,0,0
6330,M21189,M,300.7,310,1641,34.6,178,0,0,0,0,0,0
6341,H35754,H,300.5,309.9,1397,45.9,210,1,1,0,0,0,0
6384,H35797,H,300.2,309.7,1483,43.8,108,0,0,0,0,0,0
6392,M21251,M,300.2,309.7,1413,43.0,137,0,0,0,0,0,0
6420,H35833,H,300.3,309.9,1394,46.7,210,1,1,0,0,0,0
6468,L53647,L,300.4,309.7,1692,27.4,115,0,0,0,0,0,0
6476,L53655,L,300.5,309.7,1560,30.2,139,0,0,0,0,0,0
6478,L53657,L,300.5,309.7,1841,24.6,143,0,0,0,0,0,0
6479,L53658,L,300.5,309.8,1663,29.1,145,1,0,0,0,0,0
6484,L53663,L,300.7,309.9,1412,45.3,155,0,0,0,0,0,0
6492,L53671,L,300.8,310,1468,52.7,178,0,0,0,0,0,0
6495,L53674,L,300.6,309.7,1617,33.2,185,0,0,0,0,0,0
6498,L53677,L,300.8,309.9,1312,65.3,192,1,0,0,0,1,0
6521,M21380,M,301.2,310.1,1666,34.9,37,0,0,0,0,0,0
6526,L53705,L,301.1,310.4,1312,73.6,49,1,0,0,1,0,0
6537,L53716,L,301.3,310.5,1406,47.1,83,0,0,0,0,0,0
6541,M21400,M,301.4,310.7,1368,63.7,92,1,0,0,1,0,0
6562,L53741,L,301.5,310.7,1596,35.4,150,0,0,0,0,0,0
6575,L53754,L,301.4,310.6,1578,33.0,181,0,0,0,0,0,0
6582,L53761,L,301.4,310.4,1559,36.0,196,0,0,0,0,0,0
6619,M21478,M,301.6,310.6,1309,65.8,75,1,0,0,1,0,0
6668,H36081,H,301.4,310.5,1536,39.9,201,0,0,0,0,0,0
6674,L53853,L,301.6,310.7,1380,51.8,216,1,0,0,0,1,0
6679,M21538,M,301.5,310.7,1336,65.6,0,1,0,0,1,0,0
6756,M21615,M,301.8,311.1,1663,31.6,199,0,0,0,0,0,0
6758,L53937,L,301.8,311.2,1822,26.2,204,0,0,0,0,0,0
6760,L53939,L,301.7,311,1441,44.3,208,1,1,0,0,0,0
6800,M21659,M,301.1,310.7,2636,12.2,100,1,0,0,1,0,0
6804,M21663,M,301.1,310.7,1367,43.4,111,0,0,0,0,0,0
6813,L53992,L,300.9,310.6,1350,53.8,131,0,0,0,0,0,0
6819,M21678,M,301.0,310.7,1657,29.9,148,0,0,0,0,0,0
6823,M21682,M,300.9,310.6,1709,29.2,158,0,0,0,0,0,0
6824,M21683,M,300.9,310.7,1268,56.3,161,0,0,0,0,0,0
6846,M21705,M,301.3,311.5,1648,32.4,0,0,0,0,0,0,0
6848,L54027,L,301.2,311.4,1757,28.0,6,0,0,0,0,0,0
6868,L54047,L,301.0,311.3,1342,50.9,60,0,0,0,0,0,0
6872,L54051,L,301.0,311.3,1349,47.0,71,0,0,0,0,0,0
6891,M21750,M,300.9,311.4,1532,41.5,126,0,0,0,0,0,0
6925,L54104,L,301.2,311.6,1461,52.9,208,1,0,0,0,1,0
6930,M21789,M,301.0,311.6,1301,55.0,9,0,0,0,0,0,0
6933,L54112,L,300.8,311.4,1322,67.2,18,1,0,0,1,0,0
6936,L54115,L,300.7,311.2,1878,24.3,24,0,0,0,0,0,0
6947,L54126,L,300.7,311.2,1486,46.8,56,0,0,0,0,0,0
6969,L54148,L,300.9,311.2,1789,25.5,114,0,0,0,0,0,0
6991,L54170,L,300.7,311.1,2478,13.4,170,1,0,0,1,0,0
7012,L54191,L,300.5,310.5,2633,12.2,17,1,0,0,1,0,0
7015,H36428,H,300.5,310.5,1403,47.7,24,0,0,0,0,0,0
7025,L54204,L,300.6,310.6,2127,18.7,53,0,0,0,0,0,0
7035,H36448,H,300.6,310.6,1830,26.2,78,0,0,0,0,0,0
7070,L54249,L,300.8,310.7,1525,39.4,175,0,0,0,0,0,0
7084,L54263,L,300.7,310.4,1416,61.8,209,1,0,0,1,1,0
7088,L54267,L,300.6,310.3,1648,30.5,217,1,1,0,0,0,0
7150,L54329,L,300.2,309.8,1506,41.8,161,0,0,0,0,0,0
7155,L54334,L,300.3,310.1,1483,39.9,174,0,0,0,0,0,0
7168,L54347,L,300.3,310.3,1362,60.3,206,1,0,0,0,1,0
7171,M22030,M,300.3,310.2,1442,39.5,4,0,0,0,0,0,0
7195,L54374,L,300.1,310.1,1380,52.6,59,0,0,0,0,0,0
7199,M22058,M,300.0,309.9,1530,34.5,71,0,0,0,0,0,0
7207,L54386,L,299.8,309.7,1457,51.9,89,0,0,0,0,0,0
7213,M22072,M,299.8,309.7,1705,28.5,103,0,0,0,0,0,0
7215,M22074,M,299.9,309.8,1625,41.2,109,0,0,0,0,0,0
7222,H36635,H,299.7,309.6,1433,49.6,129,0,0,0,0,0,0
7248,M22107,M,300.0,310.1,1314,53.5,199,0,0,0,0,0,0
7281,L54460,L,299.9,310.2,1288,69.6,62,1,0,0,1,0,0
7291,L54470,L,300.3,310.6,1806,24.4,88,0,0,0,0,0,0
7303,L54482,L,300.1,310.5,1494,44.2,117,0,0,0,0,0,0
7325,M22184,M,299.9,310.4,1820,26.6,175,0,0,0,0,0,0
7327,M22186,M,299.9,310.5,1335,52.9,180,0,0,0,0,0,0
7346,L54525,L,299.6,310.2,1381,60.5,13,0,0,0,0,0,0
7350,L54529,L,299.7,310.2,1633,36.5,24,0,0,0,0,0,0
7403,M22262,M,299.8,310.8,1463,43.5,156,0,0,0,0,0,0
7407,L54586,L,299.8,310.9,1545,40.7,166,0,0,0,0,0,0
7427,M22286,M,300.0,311.4,1692,29.0,216,1,1,0,0,0,0
7429,M22288,M,300.0,311.4,1864,23.3,2,0,0,0,0,0,0
7434,M22293,M,300.1,311.4,1913,21.9,15,0,0,0,0,0,0
7462,L54641,L,300.0,311.5,1749,28.3,83,0,0,0,0,0,0
7464,H36877,H,300.1,311.4,1518,46.9,87,0,0,0,0,0,0
7510,L54689,L,300.6,311.9,1372,60.1,212,1,0,0,0,1,0
7511,L54690,L,300.5,311.8,1524,38.9,214,1,1,0,0,0,0
7525,L54704,L,300.2,311.5,1639,31.1,31,0,0,0,0,0,0
7526,H36939,H,300.1,311.5,1383,49.1,33,0,0,0,0,0,0
7531,M22390,M,300.1,311.4,1617,39.3,47,0,0,0,0,0,0
7537,L54716,L,300.1,311.3,2579,12.5,64,1,0,0,1,0,0
7548,L54727,L,300.1,311.4,1430,40.9,93,0,0,0,0,0,0
7565,M22424,M,300.3,311.2,1381,65.2,136,1,0,0,1,0,0
7570,L54749,L,300.2,311,1255,71.8,149,1,0,0,1,0,0
7592,M22451,M,300.5,311.1,1296,61.3,202,1,0,0,0,1,0
7594,L54773,L,300.5,311.2,1270,67.5,208,1,0,0,0,1,0
7642,M22501,M,300.4,311.4,1352,57.3,116,0,0,0,0,0,0
7651,L54830,L,300.3,311.4,1343,57.7,142,0,0,0,0,0,0
7670,L54849,L,300.7,311.8,1336,58.4,189,1,0,0,0,1,0
7688,M22547,M,300.7,311.7,2097,18.9,232,1,1,0,0,0,0
7691,M22550,M,300.5,311.6,1577,36.5,4,0,0,0,0,0,0
7722,L54901,L,300.5,311.6,1425,42.4,102,0,0,0,0,0,0
7727,M22586,M,300.8,311.9,1761,29.0,113,0,0,0,0,0,0
7748,M22607,M,300.5,311.8,1331,55.3,167,0,0,0,0,0,0
7755,M22614,M,300.4,311.7,1478,39.9,185,0,0,0,0,0,0
7757,L54936,L,300.5,311.8,1368,57.9,191,1,0,0,0,1,0
7760,L54939,L,300.4,311.8,1272,59.2,198,1,0,0,0,1,0
7764,L54943,L,300.4,311.6,1200,76.6,3,1,0,0,1,0,0
7788,L54967,L,300.3,311.5,1378,47.5,64,0,0,0,0,0,0
7805,M22664,M,299.9,311.4,1480,44.9,108,0,0,0,0,0,0
7814,L54993,L,300.0,311.5,1455,41.7,130,0,0,0,0,0,0
7824,L55003,L,300.0,311.3,1484,53.2,158,0,0,0,0,0,0
7838,L55017,L,300.2,311.5,1685,31.0,193,0,0,0,0,0,0
7850,M22709,M,300.3,311.7,1374,47.9,222,1,1,0,0,0,0
7871,M22730,M,300.6,312.1,1293,52.3,49,0,0,0,0,0,0
7877,H37290,H,300.7,312.2,1335,49.0,62,0,0,0,0,0,0
7885,L55064,L,300.8,312.4,1465,59.1,91,1,0,0,1,0,0
7910,L55089,L,300.7,312.2,1590,38.5,148,0,0,0,0,0,0
7917,L55096,L,300.8,312.1,1512,37.1,169,0,0,0,0,0,0
7927,L55106,L,300.7,311.9,1335,57.1,194,1,0,0,0,1,0
7951,L55130,L,300.8,311.6,1568,36.0,23,0,0,0,0,0,0
7968,M22827,M,301.0,312.2,1629,32.6,69,0,0,0,0,0,0
7998,M22857,M,301.0,312.2,2710,9.7,143,1,0,0,1,0,0
8012,L55191,L,300.8,311.8,1427,43.3,180,0,0,0,0,0,0
8027,L55206,L,300.7,311.9,1399,50.2,222,1,0,0,0,1,0
8046,M22905,M,300.7,311.9,1366,55.1,36,0,0,0,0,0,0
8051,L55230,L,300.7,312,1401,51.1,50,0,0,0,0,0,0
8054,L55233,L,300.5,311.9,1887,21.7,56,0,0,0,0,0,0
8086,L55265,L,300.2,311.4,1331,49.8,143,0,0,0,0,0,0
8089,L55268,L,300.1,311.4,1356,45.7,149,0,0,0,0,0,0
8112,M22971,M,300.4,311.8,1553,33.1,209,1,1,0,0,0,0
8114,L55293,L,300.4,311.7,1459,45.6,3,0,0,0,0,0,0
8189,M23048,M,299.6,310.9,1530,38.8,198,0,0,0,0,0,0
8193,L55372,L,299.6,310.9,1229,65.2,209,1,0,0,0,1,0
8196,L55375,L,299.4,310.8,1376,53.9,215,1,0,0,0,1,0
8200,L55379,L,299.2,310.7,1737,27.0,225,1,1,0,0,0,0
8246,M23105,M,299.0,310.3,1303,68.6,111,1,0,0,1,0,0
8260,L55439,L,299.1,310.5,1471,38.4,146,0,0,0,0,0,0
8263,L55442,L,299.1,310.6,1921,23.9,158,0,0,0,0,0,0
8269,M23128,M,299.2,310.8,1502,39.8,177,0,0,0,0,0,0
8280,L55459,L,298.8,310.6,1803,25.4,209,0,0,0,0,0,0
8308,M23167,M,298.7,310.1,1402,69.7,64,1,0,0,1,0,0
8312,M23171,M,298.8,310,1295,52.7,74,0,0,0,0,0,0
8313,M23172,M,298.8,310,1529,38.5,77,0,0,0,0,0,0
8358,L55537,L,298.5,309.5,1385,46.3,203,1,1,0,0,0,0
8394,L55573,L,298.5,309.5,1428,43.5,87,0,0,0,0,0,0
8399,L55578,L,298.5,309.7,2617,12.1,102,1,0,0,1,0,0
8409,M23268,M,298.5,309.6,1572,33.0,127,0,0,0,0,0,0
8438,L55617,L,298.7,309.8,1181,65.9,203,1,0,0,0,1,0
8490,L55669,L,298.4,309.4,1461,46.3,121,0,0,0,0,0,0
8507,L55686,L,298.4,309.6,1710,27.3,163,1,0,0,0,0,0
8513,H37926,H,298.3,309.6,1546,36.2,177,0,0,0,0,0,0
8550,L55729,L,298.3,309.3,1558,37.2,73,0,0,0,0,0,0
8583,M23442,M,297.5,308.1,1334,72.0,151,1,0,0,1,0,0
8592,L55771,L,297.4,307.9,1606,33.4,176,0,0,0,0,0,0
8593,M23452,M,297.5,308,1430,44.5,178,0,0,0,0,0,0
8601,L55780,L,297.5,308.3,1435,40.3,197,0,0,0,0,0,0
8609,L55788,L,297.4,308.4,1369,50.6,220,1,0,0,0,1,0
8610,L55789,L,297.4,308.3,1475,40.5,222,1,1,0,0,0,0
8623,L55802,L,297.5,308.3,1437,42.3,29,0,0,0,0,0,0
8632,H38045,H,297.3,308.3,1506,37.0,54,0,0,0,0,0,0
8635,L55814,L,297.3,308.3,1411,43.2,63,0,0,0,0,0,0
8661,L55840,L,297.4,308.5,1295,52.1,130,0,0,0,0,0,0
8663,L55842,L,297.5,308.6,1514,36.9,134,0,0,0,0,0,0
8690,L55869,L,297.1,308.4,1543,39.6,205,0,0,0,0,0,0
8691,L55870,L,297.1,308.5,1323,44.4,207,1,1,0,0,0,0
8695,L55874,L,297.2,308.5,1766,25.8,7,0,0,0,0,0,0
8739,L55918,L,297.3,308.7,1531,36.7,116,0,0,0,0,0,0
8761,M23620,M,297.4,308.7,1392,46.4,174,0,0,0,0,0,0
8795,M23654,M,297.4,308.5,1497,36.4,56,0,0,0,0,0,0
8802,L55981,L,297.4,308.6,1488,36.4,71,0,0,0,0,0,0
8834,L56013,L,297.4,308.8,1529,41.3,165,0,0,0,0,0,0
8847,M23706,M,297.4,308.8,1325,62.4,204,1,1,0,0,1,0
8882,H38295,H,298.0,309.2,1520,37.9,89,0,0,0,0,0,0
8927,M23786,M,297.3,308.3,1459,59.6,207,1,0,0,1,1,0
8963,L56142,L,297.3,307.9,1628,30.2,80,0,0,0,0,0,0
8984,M23843,M,297.0,307.7,1261,51.1,130,0,0,0,0,0,0
8987,M23846,M,297.1,307.8,1443,43.9,137,0,0,0,0,0,0
9007,L56186,L,297.3,307.9,1417,41.8,186,0,0,0,0,0,0
9015,M23874,M,297.2,308.1,1340,61.3,207,1,0,0,0,1,0
9016,L56195,L,297.2,308.1,1431,49.7,210,1,0,0,0,0,0
9017,L56196,L,297.3,308.2,1396,52.7,212,1,0,0,0,1,0
9019,L56198,L,297.3,308.1,1615,35.4,217,1,1,0,0,0,0
9023,L56202,L,297.4,308.3,1548,46.6,7,0,0,0,0,0,0
9049,M23908,M,297.3,308.4,1370,50.5,71,0,0,0,0,0,0
9073,H38486,H,297.2,308.1,1770,27.2,140,0,0,0,0,0,0
9085,L56264,L,297.2,307.9,1326,75.4,172,1,0,0,1,1,0
9108,M23967,M,297.5,308.5,1662,30.3,26,0,0,0,0,0,0
9109,M23968,M,297.5,308.6,1440,38.8,29,0,0,0,0,0,0
9120,M23979,M,297.4,308.4,1675,29.5,59,0,0,0,0,0,0
9131,L56310,L,297.6,308.6,1576,32.7,83,0,0,0,0,0,0
9144,L56323,L,297.6,308.5,1452,42.6,116,0,0,0,0,0,0
9153,L56332,L,297.5,308.6,1260,53.6,137,0,0,0,0,0,0
9157,M24016,M,297.5,308.4,1369,54.8,145,0,0,0,0,0,0
9158,L56337,L,297.5,308.5,1462,52.3,148,0,0,0,0,0,0
9160,M24019,M,297.5,308.6,1510,35.5,155,0,0,0,0,0,0
9175,L56354,L,297.8,308.9,1871,25.6,200,1,1,0,0,0,0
9176,L56355,L,297.8,309,1403,64.2,0,1,0,0,1,0,0
9181,L56360,L,297.9,309.1,1507,36.9,13,0,0,0,0,0,0
9208,L56387,L,297.9,308.8,1386,48.6,75,0,0,0,0,0,0
9225,L56404,L,297.9,309,1450,46.8,118,0,0,0,0,0,0
9253,M24112,M,298.1,309,1533,36.1,189,0,0,0,0,0,0
9260,M24119,M,298.2,309,1694,28.0,5,0,0,0,0,0,0
9263,M24122,M,298.3,309.1,1404,47.0,15,0,0,0,0,0,0
9302,M24161,M,298.1,308.9,1459,50.3,115,0,0,0,0,0,0
9332,L56511,L,298.4,308.9,1496,37.9,194,0,0,0,0,0,0
9341,H38754,H,298.4,308.9,1577,37.1,0,0,0,0,0,0,0
9363,M24222,M,298.0,308.5,1682,33.0,58,0,0,0,0,0,0
9369,L56548,L,297.7,308.4,1510,38.6,72,0,0,0,0,0,0
9377,H38790,H,297.7,308.4,1738,27.7,96,0,0,0,0,0,0
9389,M24248,M,297.5,307.9,1544,37.9,136,0,0,0,0,0,0
9400,L56579,L,297.8,308.3,1477,44.8,170,0,0,0,0,0,0
9408,L56587,L,297.8,308.3,1435,50.1,189,0,0,0,0,0,0
9411,M24270,M,298.0,308.5,1666,31.0,198,0,0,0,0,0,0
9415,L56594,L,298.1,308.6,1354,53.9,207,1,0,0,0,1,0
9431,L56610,L,298.1,308.7,1671,28.8,41,0,0,0,0,0,0
9451,M24310,M,298.0,308.7,1494,42.6,96,0,0,0,0,0,0
9494,L56673,L,299.1,309.8,1398,55.4,217,1,0,0,0,1,0
9500,L56679,L,299.2,310.1,1534,37.7,10,0,0,0,0,0,0
9516,L56695,L,299.0,310.2,1682,28.8,49,0,0,0,0,0,0
9522,M24381,M,298.9,310.1,1484,40.4,61,0,0,0,0,0,0
9524,L56703,L,299.0,310.2,1494,40.6,67,0,0,0,0,0,0
9551,M24410,M,299.5,311,1451,43.3,136,0,0,0,0,0,0
9577,L56756,L,299.6,310.7,1922,23.3,205,1,1,0,0,0,0
9588,M24447,M,299.3,310.5,1462,40.5,24,0,0,0,0,0,0
9614,L56793,L,299.0,310.2,1377,62.5,92,1,0,0,1,0,0
9621,L56800,L,298.9,310,1470,45.9,109,0,0,0,0,0,0
9624,L56803,L,298.9,310.1,1356,47.8,116,0,0,0,0,0,0
9653,M24512,M,299.0,310,1488,46.3,198,0,0,0,0,0,0
9654,L56833,L,299.0,309.9,1373,55.7,201,1,0,0,0,1,0
9655,L56834,L,299.1,310,1367,56.3,203,1,0,0,0,1,0
9660,L56839,L,298.9,309.8,1287,61.9,216,1,0,0,0,1,0
9664,L56843,L,299.1,310.1,1435,48.8,229,1,0,0,0,1,0
9665,L56844,L,299.1,310.2,1317,54.8,231,1,0,0,0,1,0
9667,M24526,M,299.1,310.3,1838,24.0,235,0,0,0,0,0,0
9668,L56847,L,299.2,310.3,1352,48.9,238,1,0,0,0,1,0
9690,L56869,L,299.0,310.1,1362,59.5,46,0,0,0,0,0,0
9759,L56938,L,298.6,309.8,2271,16.2,218,1,1,0,0,0,0
9765,L56944,L,298.5,309.5,1294,66.7,12,1,0,0,1,0,0
9768,L56947,L,298.6,309.6,1563,35.0,21,0,0,0,0,0,0
9777,M24636,M,298.6,309.6,1397,54.1,47,0,0,0,0,0,0
9783,L56962,L,298.7,309.9,1404,47.1,64,0,0,0,0,0,0
9796,L56975,L,298.5,309.3,1623,33.1,109,0,0,0,0,0,0
9822,L57001,L,298.6,309.4,1667,35.6,185,0,0,0,0,0,0
9823,L57002,L,298.5,309.4,1360,60.9,187,1,0,0,0,1,0
9827,L57006,L,298.4,309.2,1345,52.7,196,0,0,0,0,0,0
9831,L57010,L,298.3,309.3,1337,56.1,206,1,0,0,0,1,0
9841,H39254,H,298.3,309.2,1486,42.4,16,0,0,0,0,0,0
9851,M24710,M,298.5,309.3,1498,34.6,46,0,0,0,0,0,0
9882,L57061,L,298.8,309.8,1493,38.5,132,0,0,0,0,0,0
9899,L57078,L,298.7,309.2,1396,44.8,178,0,0,0,0,0,0
9901,H39314,H,298.7,309.2,1449,42.3,182,0,0,0,0,0,0
9910,L57089,L,298.7,309.1,1607,32.7,2,0,0,0,0,0,0
9916,M24775,M,298.5,308.7,1662,28.3,15,0,0,0,0,0,0
9975,L57154,L,298.6,308.2,1361,68.2,172,1,0,0,1,1,0
9978,L57157,L,298.6,308.3,1422,40.4,179,0,0,0,0,0,0
9981,L57160,L,298.6,308.4,1559,36.6,188,0,0,0,0,0,0
9994,L57173,L,298.8,308.4,1401,47.3,10,0,0,0,0,0,0
