CustomerKey,GeoAreaKey,StartDT,EndDT,Continent,Gender,Title,GivenName,MiddleInitial,Surname,StreetAddress,City,State,StateFull,ZipCode,Country,CountryFull,Birthday,Age,Occupation,Company,Vehicle,Latitude,Longitude
34488,8,2006-10-07,2044-07-22,Australia,male,Mr.,George,C,Nicholas,85 Cubbine Road,South Bodallin,WA,Western Australia,6424,AU,Australia,1955-06-22,65,Information processing worker,Blockbuster Music,2011 Daewoo Tocsa,-31.413437,118.900135
59901,2,1984-07-02,2031-01-07,Australia,male,Mr.,Dylan,S,Zox,49 Carolina Park Road,Blue Bay,NSW,New South Wales,2261,AU,Australia,1974-05-26,46,Emergency care nurse,Planet Profit,1999 Peugeot 406,-33.290175,151.438404
118460,5,1987-12-08,2042-08-06,Australia,male,Mr.,Hudson,S,Arscott,76 Sunnyside Road,Pooginook,SA,South Australia,5330,AU,Australia,1935-11-28,85,Spray machine operator,Perisolution,2010 Peugeot 307,-34.082418,139.946648
121335,7,1994-11-08,2044-12-30,Australia,female,Ms.,Alexis,F,Kisch,94 Gaffney Street,Frankston South,VIC,Victoria,3199,AU,Australia,1974-11-14,46,Coatroom attendant,Rex Audio Video Appliance,2004 Hyundai Santa Fe,-38.072456,145.069277
169617,2,1982-09-27,2034-01-12,Australia,female,Mrs.,Bianca,K,Sato,80 Wynyard Street,Goobarragandra,NSW,New South Wales,2720,AU,Australia,1972-04-10,48,Tire changer,University Stereo,2007 Jeep Wrangler,-35.583925,148.446255
170989,2,2010-10-01,2026-11-15,Australia,male,Mr.,Andrew,E,Summerville,4 Albacore Crescent,Bong Bong,NSW,New South Wales,2576,AU,Australia,1992-06-29,28,Bench carpenter,Rogersound Labs,2015 Audi S8,-34.513866,150.557409
185183,7,1992-03-09,2042-09-04,Australia,male,Mr.,William,G,Meldrum,87 Normans Road,Wando Vale,VIC,Victoria,3312,AU,Australia,1943-01-09,78,"Carpet, floor, and tile installer",Excella,1999 Bugatti EB 18-3 Chiron,-37.457663,141.174276
189727,7,1990-02-14,2036-10-15,Australia,female,Ms.,Paige,A,Cosh,7 Normans Road,Strathdownie,VIC,Victoria,3312,AU,Australia,1963-02-10,57,Limousine driver,County Seat,2001 Porsche GT2,-37.590717,141.236054
216274,19,1992-11-13,2035-12-19,North America,male,Dr.,Mark,H,Watkins,4443 rue des Églises Est,Beaucanton,QC,Quebec,J0Z 1H0,CA,Canada,1964-09-15,56,Diesel mechanic,CSK Auto,2011 Mercedes-Benz Sprinter,49.056002,-79.291159
221408,9,1981-04-07,2031-09-18,North America,male,Mr.,Jeffrey,L,Watson,3626 Galts Ave,Red Deer,AB,Alberta,T4N 2A6,CA,Canada,1984-10-03,36,Assistant cook,De-Jaiz Mens Clothing,1998 Isuzu VehiCross,52.237719,-113.812526
273121,10,2007-08-16,2033-10-19,North America,female,Mrs.,Eve,N,Villegas,255 Hastings Street,Vancouver,BC,British Columbia,V6C 1B4,CA,Canada,1972-05-23,48,Electric line worker,Gamma Grays,2007 Daihatsu Copen,49.261431,-123.096165
289107,17,1990-03-23,2035-03-26,North America,female,Ms.,Judy,W,Soler,781 Pitt St,Cornwall,ON,Ontario,K6J 3R2,CA,Canada,1979-07-28,41,Material dispatching,Body Toning,2002 Porsche 911,45.049246,-74.678476
457786,25,1995-06-02,2033-04-20,Europe,female,Mrs.,Lea,J,Herz,Langenhorner Chaussee 22,Laufen,BY,Freistaat Bayern,83407,DE,Germany,1939-05-15,81,Playwright,Custom Sound,1999 Daewoo Leganza,48.01835,12.904052
482615,25,1985-06-23,2035-12-08,Europe,male,Mr.,Sven,C,Junker,Rathausstrasse 52,Fürth,BY,Freistaat Bayern,90705,DE,Germany,1978-12-05,42,Ophthalmologist,Accord Investments,2012 Volkswagen GTI,48.691044,12.098367
503738,31,1986-01-24,2040-09-27,Europe,female,Ms.,Angelika,K,Kuster,Leipziger Strasse 98,Bielefeld Oldentrup,NW,Nordrhein-Westfalen,33719,DE,Germany,1989-05-04,31,Physician,Hudson's MensWear,1996 Acura RL,52.062542,8.675574
530654,27,1997-08-12,2033-05-20,Europe,male,Dr.,Alexander,G,Metzger,Scharnweberstrasse 68,Bruchköbel,HE,Hessen,63486,DE,Germany,1991-06-18,29,Exercise instructor,Channel Home Centers,2011 BMW 750,50.083177,8.983807
539769,28,2004-12-21,2039-09-05,Europe,female,Ms.,Lisa,D,Maur,Fasanenstrasse 24,Hamburg Rissen,HH,Hamburg,22587,DE,Germany,1951-07-02,69,Credit investigator,Strategy Consulting,1996 BMW 525,53.514295,9.889819
593725,25,1990-02-28,2039-02-05,Europe,female,Ms.,Christina,M,Faerber,Luebecker Strasse 17,Riedbach,BY,Freistaat Bayern,97519,DE,Germany,1968-09-09,52,Staff manager,Audio Visions,2007 Dacia Sandero,50.017698,10.522887
623789,56,1998-04-24,2040-09-11,Europe,female,Mrs.,Avelaine,W,Lafontaine,20 Place de la Gare,Colomiers,MP,Midi-Pyrénées,31770,FR,France,1980-02-21,40,Computer database administrator,Millenia Life,1998 Citroen Berlingo,43.551506,1.291477
635622,51,1995-06-11,2040-11-04,Europe,male,Mr.,Frontino,P,Denis,42 rue des Soeurs,La Celle-Saint-Cloud,IL,Île-de-France,78170,FR,France,1991-08-01,29,Ironworker,Rich and Happy,2004 Mazda MX-5 Miata,48.936702,2.165591
711329,551,2010-03-24,2040-12-23,Europe,female,Ms.,Elisabetta,N,Marcelo,Via Giotto 72,Terranegra,VR,Verona,37040,IT,Italy,1996-02-24,24,Foot doctor,Future Plan,2005 Volkswagen Fox,45.139971,11.378815
731890,460,1988-09-08,2028-04-18,Europe,female,Ms.,Ornella,F,Romano,Via Licola Patria 16,San Nicola Baronia,AV,Avellino,83050,IT,Italy,1994-12-14,26,Upholsterer,Custom Lawn Service,1995 Rover 200,40.973347,15.288182
737759,528,1999-05-18,2040-03-27,Europe,female,Dr.,Anastasia,C,Giordano,Via Longhena 84,Ponte Sulla Moletta,RM,Roma,00040,IT,Italy,1981-10-06,39,Coil taper,Galyan's,2014 Buick Regal,41.515942,12.513202
758585,506,1999-02-26,2040-09-19,Europe,male,Mr.,Maurilio,D,Genovesi,Via dei Fiorentini 132,Napoli,NA,Napoli,80126,IT,Italy,1962-10-03,58,Administrative leader,China Coast,2007 Opel Vectra,40.874302,14.141601
803626,557,2006-05-16,2036-03-25,Europe,female,Mrs.,Samsam,L,Hamers,Zwanenveld 121,Nijmegen,GE,Gelderland,6538 NN,NL,Netherlands,1945-12-17,75,Instructional assistant,Circus World,1999 BMW M5,51.873346,5.837561
822151,555,1994-09-16,2042-02-09,Europe,female,Ms.,Razia,C,Verstegen,Pampuspad 47,Emmeloord,FL,Flevoland,8304 DT,NL,Netherlands,1996-02-27,24,Range manager,Cavages,2002 ZAZ Wagon,52.789605,5.699496
835964,554,1982-05-11,2040-09-13,Europe,female,Mrs.,Angéla,D,den Hartog,Boergrup 196,Vledderveen,DR,Drenthe,8385 GL,NL,Netherlands,1938-05-13,82,Labor trainer,Integra Wealth,2011 Volkswagen Eos,52.984877,7.063588
877640,565,1986-07-06,2033-01-10,Europe,female,Ms.,Dyan,H,Berger,Zonnebloem 181,Leiden,ZH,Zuid-Holland,2317 LM,NL,Netherlands,1963-03-03,57,Rail-track laying and maintenance equipment operator,Martin's,2003 Acura MDX,52.194218,4.50802
932313,221,1990-10-15,2037-09-04,Europe,male,Mr.,Charles,R,Ellis,43 Balsham Road,Harold Hill,Havering,Havering,RM3 3EG,GB,United Kingdom,1973-11-17,47,Multiple machine tool operator,Cal Stereo,2000 Buick Riviera,51.640739,0.275918
997942,434,1984-01-31,2044-07-03,Europe,female,Ms.,Victoria,L,Norris,65 Dover Road,Westham,Weymouth and Portland,Weymouth and Portland,DT4 6RW,GB,United Kingdom,1967-03-25,53,Print binding and finishing worker,"Deco Refreshments, Inc.",2003 Opel Speedster,50.690169,-2.558348
1031762,213,1989-09-03,2045-07-10,Europe,male,Mr.,Dominic,E,Duffy,33 Victoria Road,Little Bowden,Harborough,Harborough,LE16 7EW,GB,United Kingdom,1953-07-27,67,Automotive glass repairer,Standard Brands Paint Company,2003 Ford Puma,52.343921,-0.898786
1042701,73,1983-03-23,2036-10-01,Europe,female,Ms.,Rachel,Z,Carpenter,5 Marlborough Crescent,Southend,Argyllshire,Argyllshire,PA28 6ZE,GB,United Kingdom,1966-06-04,54,Forging machine tender,Vari-Tec,1993 Mazda MS-8,55.218918,-4.659992
1072232,152,2005-03-27,2031-05-02,Europe,male,Mr.,Cameron,V,Sharp,3 Freezeland Lane,Crabbet Park,Crawley,Crawley,RH10 6WT,GB,United Kingdom,1995-04-13,25,Superintendent,Star Assistance,2006 Ford F-250,51.109323,-0.120886
1107686,173,1985-11-02,2031-07-24,Europe,male,Mr.,Owen,V,Benson,94 Scrimshire Lane,Aspenden,East Hertfordshire,East Hertfordshire,SG9 9QW,GB,United Kingdom,1940-03-21,80,Human resources clerk,Checker Auto Parts,2011 Mazda 3,51.990251,-0.072074
1205617,600,2003-04-29,2034-01-28,North America,male,Mr.,Shaun,T,Foltz,1566 Oakwood Avenue,Manhattan,NY,New York,10016,US,United States,1978-12-20,42,Weigher,Stratacard,2000 Ford Falcon,40.773814,-74.039962
1234545,571,2000-06-10,2042-01-16,North America,male,Mr.,Alvin,F,Hughes,2183 Shobe Lane,Fort Collins,CO,Colorado,80524,US,United States,1970-07-09,50,Electronic home entertainment equipment installer,Shoe Town,2011 Toyota Sequoia,40.742826,-104.931712
1247464,614,1982-10-10,2044-04-18,North America,female,Mrs.,Ruth,W,Shaw,323 Whaley Lane,Burlington,WI,Wisconsin,53105,US,United States,1997-08-27,23,Plasma cutter,Magna Wealth,1992 Mitsubishi Space Runner,42.599698,-88.334782
1348577,591,1981-11-14,2043-05-30,North America,male,Mr.,James,M,Sharp,2581 School House Road,Jackson,MS,Mississippi,39211,US,United States,1946-02-20,74,Yardmaster,Realty Solution,1993 Peugeot 504,32.335881,-90.190099
1400736,570,1984-05-15,2044-12-29,North America,male,Mr.,Virgil,S,Blevins,99 Vernon Street,California,CA,California,02110,US,United States,1964-12-10,56,First mate,World of Fun,2005 Noble M14,36.682882,-119.495995
1447920,586,1991-06-01,2027-02-10,North America,female,Mrs.,Faith,A,Johnson,2665 Hickory Heights Drive,Baltimore,MD,Maryland,21217,US,United States,1947-07-09,73,Coache,I. Magnin,2004 Honda NSX,39.301351,-76.562471
1495184,581,2010-12-04,2031-11-10,North America,male,Mr.,Jose,M,Green,4430 Neville Street,Terre Haute,IN,Indiana,47802,US,United States,1953-06-20,67,Mixing and blending machine setter,Bell Markets,2000 Peugeot Partner,39.344062,-87.4496
1541734,580,1984-09-03,2036-06-15,North America,male,Mr.,John,A,Stuart,2323 Kembery Drive,Chicago,IL,Illinois,60603,US,United States,1955-11-23,65,Cartographer,Prestigabiz,2001 SsangYong Korando,41.854995,-87.679088
1584923,603,1992-06-18,2042-11-13,North America,female,Ms.,Teresa,M,Myers,3103 New Street,Rocky Point,OR,Oregon,97731,US,United States,1945-01-02,76,Coil winder,Adaptabiz,1992 Cadillac Seville,44.583674,-123.638179
1595828,581,1998-04-25,2039-02-12,North America,male,Mr.,James,M,Peters,1215 Charack Road,Greensburg,IN,Indiana,47240,US,United States,1995-01-13,26,Booth cashier,Brilliant Home Designs,2005 Tata Indica,39.415135,-85.495525
1613348,573,1983-12-25,2030-12-28,North America,female,Mrs.,Karen,M,Dorman,545 Hickory Lane,Washington,DC,Washington DC,20009,US,United States,1994-06-17,26,Travel consultant,First Choice Yard Help,2000 Jeep Wrangler,38.924794,-76.992881
1616482,593,1989-08-14,2041-01-07,North America,male,Mr.,Herman,B,Maske,72 Rockwell Lane,Littleton,NC,North Carolina,27850,US,United States,1939-09-08,81,Underwriter,Affinity Investment Group,2005 Rolls-Royce Silver Seraph,36.307195,-77.865443
1805609,569,1994-07-19,2037-05-05,North America,female,Ms.,Rebecca,C,Carter,3543 Polk Street,Tucson,AZ,Arizona,85739,US,United States,1975-10-17,45,Family and general practitioner,Britling Cafeterias,1995 Rolls-Royce Silver Spirit,32.593915,-111.033752
1813501,600,2000-11-04,2034-06-16,North America,female,Ms.,Sara,D,Lee,299 Plainfield Avenue,Utica,NY,New York,13502,US,United States,1962-04-05,58,Wait staff,Maloley's Finer Foods,2001 Honda City,43.213791,-75.113245
1873550,607,1994-04-11,2042-05-24,North America,female,Ms.,Nora,H,Lawless,3810 Elsie Drive,Wakonda,SD,South Dakota,57073,US,United States,1968-05-20,52,Prosthodontist,Circus World,2012 Subaru Forester,43.044393,-97.029842
1892579,570,1984-04-26,2028-10-10,North America,male,Mr.,Dennis,J,Woods,4260 Edsel Road,Los Angeles,CA,California,90013,US,United States,1964-09-23,56,Graduate teaching assistant,DGS HomeSource,2009 Daihatsu Charade,34.076204,-118.1549
1892979,603,1981-01-05,2027-03-24,North America,male,Mr.,Darwin,D,Davis,4874 Kincheloe Road,Portland,OR,Oregon,97232,US,United States,1948-03-28,72,Rock splitter,Gamma Grays,1995 Nissan Serena,45.500142,-122.686017
1920895,614,1984-01-11,2032-02-16,North America,male,Mr.,Noah,M,Hedegaard,4454 Highland Drive,Milwaukee,WI,Wisconsin,53202,US,United States,1973-03-21,47,Color printer operator,BASCO,2012 Scion tC,43.120073,-87.973158
1921827,588,1996-08-30,2029-01-04,North America,male,Mr.,Maik,A,Schiffer,3811 Cunningham Court,Farmington Hills,MI,Michigan,48335,US,United States,1970-12-11,50,Paraprofessional,Team Uno,2011 Suzuki SX4,42.423835,-83.516391
1939560,612,2005-01-24,2037-08-09,North America,male,Mr.,Jeremiah,A,Bartz,949 Hardman Road,Brattleboro,VT,Vermont,05301,US,United States,1956-06-26,64,DJ,Leo's Stereo,2005 BMW 325,42.768466,-72.752239
1948527,600,1982-05-05,2039-12-16,North America,male,Mr.,August,T,Kalliala,999 Frosty Lane,Binghamton,NY,New York,13901,US,United States,1990-10-29,30,Payroll bookkeeper,Ukrop's Super Market,1992 Ford Escort,42.13648,-75.823101
1958297,569,2005-12-30,2042-09-26,North America,female,Mrs.,Cassandre,P,Pedraza,3203 Dye Street,Chandler,AZ,Arizona,85226,US,United States,1974-08-12,46,Flight engineer,Destiny Realty,2011 Mazda CX-7,33.19092,-111.918737
1965932,570,1982-11-11,2041-06-11,North America,male,Mr.,Adassa,E,Cavazos,2567 Elk Street,Irvine,CA,California,92714,US,United States,1961-03-15,59,Systems architect,Rhodes Furniture,2004 Opel Zafira,33.60982,-117.726537
2020983,569,1985-11-29,2038-07-26,North America,female,Ms.,Mette,K,Heilmann,4409 Dogwood Road,Phoenix,AZ,Arizona,85003,US,United States,1973-11-10,47,Information technology trainer,Child World,2006 Honda Integra,33.439585,-112.064342
2044650,589,2000-02-15,2026-12-05,North America,female,Ms.,Fortunata,C,Fierro,4930 Ashmor Drive,Grand Rapids,MN,Minnesota,55744,US,United States,1995-10-28,25,Press secretary,Record Town,2002 Volkswagen Golf,47.179642,-93.518628
2063767,584,1989-06-14,2039-10-31,North America,male,Mr.,Pavel,H,Krocil,1423 Big Indian,Metairie,LA,Louisiana,70007,US,United States,1951-04-17,69,Compositor,Landskip Yard Service,1999 TVR Cerbera,30.097357,-90.203965
