OrderID,CustomerID,EmployeeID,OrderDate,RequiredDate,ShippedDate,ShipVia,Freight,ShipName,ShipAddress,ShipCity,ShipRegion,ShipPostalCode,ShipCountry
10248,VINET,5,7/4/1996,8/1/1996,7/16/1996,3,32.38,Vins et alcools Chevalier,59 rue de l'Abbaye,Reims,,51100,France
10249,TOMSP,6,7/5/1996,8/16/1996,7/10/1996,1,11.61,Toms Spezialitäten,Luisenstr. 48,Münster,,44087,Germany
10250,HANAR,4,7/8/1996,8/5/1996,7/12/1996,2,65.83,Hanari Carnes,"Rua do Paço, 67",Rio de Janeiro,RJ,05454-876,Brazil
10251,VICTE,3,7/8/1996,8/5/1996,7/15/1996,1,41.34,Victuailles en stock,"2, rue du Commerce",Lyon,,69004,France
10252,SUPRD,4,7/9/1996,8/6/1996,7/11/1996,2,51.30,Suprêmes délices,"Boulevard Tirou, 255",Charleroi,,B-6000,Belgium
10253,HANAR,3,7/10/1996,7/24/1996,7/16/1996,2,58.17,Hanari Carnes,"Rua do Paço, 67",Rio de Janeiro,RJ,05454-876,Brazil
10254,CHOPS,5,7/11/1996,8/8/1996,7/23/1996,2,22.98,Chop-suey Chinese,Hauptstr. 31,Bern,,3012,Switzerland
10255,RICSU,9,7/12/1996,8/9/1996,7/15/1996,3,148.33,Richter Supermarkt,Starenweg 5,Genève,,1204,Switzerland
10256,WELLI,3,7/15/1996,8/12/1996,7/17/1996,2,13.97,Wellington Importadora,"Rua do Mercado, 12",Resende,SP,08737-363,Brazil
10257,HILAA,4,7/16/1996,8/13/1996,7/22/1996,3,81.91,HILARION-Abastos,Carrera 22 con Ave. Carlos Soublette #8-35,San Cristóbal,Táchira,5022,Venezuela
10258,ERNSH,1,7/17/1996,8/14/1996,7/23/1996,1,140.51,Ernst Handel,Kirchgasse 6,Graz,,8010,Austria
10259,CENTC,4,7/18/1996,8/15/1996,7/25/1996,3,3.25,Centro comercial Moctezuma,Sierras de Granada 9993,México D.F.,,05022,Mexico
10260,OTTIK,4,7/19/1996,8/16/1996,7/29/1996,1,55.09,Ottilies Käseladen,Mehrheimerstr. 369,Köln,,50739,Germany
10261,QUEDE,4,7/19/1996,8/16/1996,7/30/1996,2,3.05,Que Delícia,"Rua da Panificadora, 12",Rio de Janeiro,RJ,02389-673,Brazil
10262,RATTC,8,7/22/1996,8/19/1996,7/25/1996,3,48.29,Rattlesnake Canyon Grocery,2817 Milton Dr.,Albuquerque,NM,87110,USA
10263,ERNSH,9,7/23/1996,8/20/1996,7/31/1996,3,146.06,Ernst Handel,Kirchgasse 6,Graz,,8010,Austria
10264,FOLKO,6,7/24/1996,8/21/1996,8/23/1996,3,3.67,Folk och fä HB,Åkergatan 24,Bräcke,,S-844 67,Sweden
10265,BLONP,2,7/25/1996,8/22/1996,8/12/1996,1,55.28,Blondel père et fils,"24, place Kléber",Strasbourg,,67000,France
10266,WARTH,3,7/26/1996,9/6/1996,7/31/1996,3,25.73,Wartian Herkku,Torikatu 38,Oulu,,90110,Finland
10267,FRANK,4,7/29/1996,8/26/1996,8/6/1996,1,208.58,Frankenversand,Berliner Platz 43,München,,80805,Germany
10268,GROSR,8,7/30/1996,8/27/1996,8/2/1996,3,66.29,GROSELLA-Restaurante,5ª Ave. Los Palos Grandes,Caracas,DF,1081,Venezuela
10269,WHITC,5,7/31/1996,8/14/1996,8/9/1996,1,4.56,White Clover Markets,1029 - 12th Ave. S.,Seattle,WA,98124,USA
10270,WARTH,1,8/1/1996,8/29/1996,8/2/1996,1,136.54,Wartian Herkku,Torikatu 38,Oulu,,90110,Finland
10271,SPLIR,6,8/1/1996,8/29/1996,8/30/1996,2,4.54,Split Rail Beer & Ale,P.O. Box 555,Lander,WY,82520,USA
10272,RATTC,6,8/2/1996,8/30/1996,8/6/1996,2,98.03,Rattlesnake Canyon Grocery,2817 Milton Dr.,Albuquerque,NM,87110,USA
10273,QUICK,3,8/5/1996,9/2/1996,8/12/1996,3,76.07,QUICK-Stop,Taucherstraße 10,Cunewalde,,01307,Germany
10274,VINET,6,8/6/1996,9/3/1996,8/16/1996,1,6.01,Vins et alcools Chevalier,59 rue de l'Abbaye,Reims,,51100,France
10275,MAGAA,1,8/7/1996,9/4/1996,8/9/1996,1,26.93,Magazzini Alimentari Riuniti,Via Ludovico il Moro 22,Bergamo,,24100,Italy
10276,TORTU,8,8/8/1996,8/22/1996,8/14/1996,3,13.84,Tortuga Restaurante,Avda. Azteca 123,México D.F.,,05033,Mexico
10277,MORGK,2,8/9/1996,9/6/1996,8/13/1996,3,125.77,Morgenstern Gesundkost,Heerstr. 22,Leipzig,,04179,Germany
10278,BERGS,8,8/12/1996,9/9/1996,8/16/1996,2,92.69,Berglunds snabbköp,Berguvsvägen  8,Luleå,,S-958 22,Sweden
10279,LEHMS,8,8/13/1996,9/10/1996,8/16/1996,2,25.83,Lehmanns Marktstand,Magazinweg 7,Frankfurt a.M.,,60528,Germany
10280,BERGS,2,8/14/1996,9/11/1996,9/12/1996,1,8.98,Berglunds snabbköp,Berguvsvägen  8,Luleå,,S-958 22,Sweden
10281,ROMEY,4,8/14/1996,8/28/1996,8/21/1996,1,2.94,Romero y tomillo,"Gran Vía, 1",Madrid,,28001,Spain
10282,ROMEY,4,8/15/1996,9/12/1996,8/21/1996,1,12.69,Romero y tomillo,"Gran Vía, 1",Madrid,,28001,Spain
10283,LILAS,3,8/16/1996,9/13/1996,8/23/1996,3,84.81,LILA-Supermercado,Carrera 52 con Ave. Bolívar #65-98 Llano Largo,Barquisimeto,Lara,3508,Venezuela
10284,LEHMS,4,8/19/1996,9/16/1996,8/27/1996,1,76.56,Lehmanns Marktstand,Magazinweg 7,Frankfurt a.M.,,60528,Germany
10285,QUICK,1,8/20/1996,9/17/1996,8/26/1996,2,76.83,QUICK-Stop,Taucherstraße 10,Cunewalde,,01307,Germany
10286,QUICK,8,8/21/1996,9/18/1996,8/30/1996,3,229.24,QUICK-Stop,Taucherstraße 10,Cunewalde,,01307,Germany
10287,RICAR,8,8/22/1996,9/19/1996,8/28/1996,3,12.76,Ricardo Adocicados,"Av. Copacabana, 267",Rio de Janeiro,RJ,02389-890,Brazil
